Parameter,Estimate,se
log_srv_slx_pars,1.5110632534581367,0.11868326230640265
log_srv_slx_pars.1,-0.016635151846464708,0.792092365031
log_srv_slx_pars.2,-0.5243367936052236,0.16027200126056323
log_srv_slx_pars.3,2.908370583909126,47.21187228682992
log_srv_slx_pars.4,0.8439519777213528,0.2025382882211381
log_srv_slx_pars.5,0.8961864837570104,0.07786617469925593
log_srv_slx_pars.6,-0.03954785595626417,1.0782624536163545
log_srv_slx_pars.7,0.1994709667529422,0.3327184014866626
log_srv_slx_pars.8,0.42870926786522084,0.1880147268614688
log_srv_slx_pars.9,2.9149813223471996,26.728929471219775
fsh_logq,-17.508007100141768,0.04396023504781337
fsh_logq.1,-16.369514125214955,0.026181199189980683
fsh_logq.2,-16.25636039287878,0.06468962755
srv_logq,-16.723725581650836,0.04975366844834511
srv_logq.1,-16.56953922964019,0.04131639761050834
srv_logq.2,-17.064564115626332,0.03758374789304259
mr_logq,-0.044615255754613496,0.009791139436857707
log_rbar,13.015233860853881,0.11180738281182975
log_rec_devs,0.8280161773871075,0.7414963794253575
log_rec_devs.1,0.8189987860386854,0.741853779549082
log_rec_devs.2,0.8419835288998913,0.7562334266942065
log_rec_devs.3,3.6222868544753997,0.2375655326493897
log_rec_devs.4,0.9996775304125849,0.8348148645298129
log_rec_devs.5,1.15692263567915,0.9229726629471385
log_rec_devs.6,1.4130037962633704,1.0963025403635163
log_rec_devs.7,1.4175080952338166,1.0044464886518283
log_rec_devs.8,1.1635187553882944,0.8462927885791484
log_rec_devs.9,0.9338642362481194,0.725850833259608
log_rec_devs.10,0.7018613591871552,0.6430572089420329
log_rec_devs.11,0.5296012589998594,0.5915111562559509
log_rec_devs.12,0.38808443699679235,0.5555418244731551
log_rec_devs.13,0.24389248793371074,0.5281899471661886
log_rec_devs.14,0.12957493278243412,0.5098485904423873
log_rec_devs.15,0.1025902396976558,0.49979417851851765
log_rec_devs.16,0.19430340202570068,0.49086939238318633
log_rec_devs.17,0.32041320518849137,0.47396941805853227
log_rec_devs.18,0.2633470789552028,0.47199734504738544
log_rec_devs.19,0.22181149191996405,0.47981757436022454
log_rec_devs.20,0.5397111421860791,0.4496581712104997
log_rec_devs.21,0.6848173113307379,0.45170066381579743
log_rec_devs.22,0.8493904208007578,0.45352713902731207
log_rec_devs.23,1.3445510767026032,0.33341512751222
log_rec_devs.24,1.1789401598462688,0.37504046737795727
log_rec_devs.25,1.0952367400998926,0.37211908029250645
log_rec_devs.26,0.8461673671571255,0.41696660083943005
log_rec_devs.27,0.597190268180021,0.43198669251616684
log_rec_devs.28,0.34259953008758204,0.44228666979684705
log_rec_devs.29,0.3548297898550019,0.4264330217706217
log_rec_devs.30,0.4970903189719063,0.3757424013689627
log_rec_devs.31,0.19187199189637066,0.4191048403076444
log_rec_devs.32,0.058200954932140725,0.4203826656911167
log_rec_devs.33,0.15617870172506498,0.43793618966206094
log_rec_devs.34,1.008189319493869,0.2712956439303261
log_rec_devs.35,0.25883711817688315,0.40135915895262975
log_rec_devs.36,-0.3352160947136999,0.4215493717708753
log_rec_devs.37,-0.14888049428173095,0.3685320897182786
log_rec_devs.38,-0.13750225964383112,0.3931095234354466
log_rec_devs.39,0.16431133939232595,0.37263839688764133
log_rec_devs.40,1.2106488531308157,0.1959165300479988
log_rec_devs.41,0.7234849949750342,0.28215805018097195
log_rec_devs.42,1.1377724400498042,0.2559198547005267
log_rec_devs.43,1.7102363213731535,0.24666425455266167
log_rec_devs.44,2.0763500466752944,0.20375919500270404
log_rec_devs.45,0.4729769402374854,0.48423468666647523
log_rec_devs.46,1.3279950038043689,0.21977528811085742
log_rec_devs.47,0.16507195073114764,0.44705233759006213
log_rec_devs.48,0.6176453126211043,0.673000122021807
log_rinit,12.951402635357324,0.18125746462008194
log_rinit_devs,0.8336506443784548,0.7394688036696874
log_rinit_devs.1,0.8365176833092864,0.7412840345794751
log_rinit_devs.2,0.8343820127584394,0.7428063429848595
log_rinit_devs.3,0.8505722132104817,0.7501493440186338
log_rinit_devs.4,0.8613588606226452,0.7546480206238241
log_rinit_devs.5,0.837998333588008,0.7460639581005004
log_rinit_devs.6,0.8060465097301728,0.7347627996824364
log_rinit_devs.7,0.7539685525583425,0.7176459308886888
log_rinit_devs.8,0.7269029944421973,0.7090271570745345
log_rinit_devs.9,0.7036459028256271,0.7016750257028798
log_rinit_devs.10,0.6923852152324869,0.6981280346844758
log_rinit_devs.11,0.6805721183483313,0.6943988103291518
log_rinit_devs.12,0.6755104130965592,0.6927648864608302
log_rinit_devs.13,0.6693148739364349,0.6907739235895572
log_rinit_devs.14,0.6688660703753107,0.6905622266609367
log_rinit_devs.15,0.6693589098319971,0.690648321622263
log_rinit_devs.16,0.6699455219858899,0.6907703044433484
log_rinit_devs.17,0.6697197416200668,0.690642294375425
log_rinit_devs.18,0.6718966649501638,0.6912775743826269
log_rinit_devs.19,0.6741163953486944,0.6919376136224535
log_rinit_devs.20,0.6766968548886535,0.6927232726978386
log_rinit_devs.21,0.6791573075801935,0.6934810203707841
log_rinit_devs.22,0.6816286944055637,0.6942516648377541
log_rinit_devs.23,0.6842960545128886,0.6950951931850063
log_rinit_devs.24,0.6875343044990816,0.6961357654193816
log_rinit_devs.25,0.6904936523767374,0.6970950181691644
log_rinit_devs.26,0.6931990648695083,0.6979788724325575
log_rinit_devs.27,0.6956725351071278,0.6987929754606105
log_Fbar,-2.9065436942996046,0.32042837060722
log_F_devs,-0.27582599009300285,0.34184490889857017
log_F_devs.1,-0.27140036875202295,0.340126164711065
log_F_devs.2,-0.8125820660477844,0.33841637854151496
log_F_devs.3,-0.4956544032144176,0.33527309105892095
log_F_devs.4,-0.13614762796273966,0.33168548128021574
log_F_devs.5,-0.5320483841109259,0.3287408606781975
log_F_devs.6,-0.925305378508,0.3263141840698606
log_F_devs.7,-0.9066771143751272,0.32534096457311734
log_F_devs.8,-0.6156497871271922,0.3250658776148071
log_F_devs.9,-0.7352501865313756,0.3248723931659656
log_F_devs.10,-0.2901959393904573,0.32464736583697673
log_F_devs.11,0.043910894984337104,0.3243832677585539
log_F_devs.12,0.0036862151843417737,0.32417245519407595
log_F_devs.13,0.11283085697065709,0.32398864195471866
log_F_devs.14,0.045879566778009154,0.3238914825127428
log_F_devs.15,-0.025621792371997215,0.32383552503485696
log_F_devs.16,0.21557394903341556,0.32377505680943086
log_F_devs.17,0.3866891505610134,0.3237376859486675
log_F_devs.18,0.8020175989605405,0.3237034153875434
log_F_devs.19,0.7371184670083823,0.3237879701719427
log_F_devs.20,0.7723829694921289,0.3237829092564634
log_F_devs.21,0.9007719275614139,0.3236607622147929
log_F_devs.22,1.0151722644978949,0.3235443107169439
log_F_devs.23,1.1225783905298976,0.3234655097454424
log_F_devs.24,0.8088625051651834,0.3236229165787
log_F_devs.25,0.8605952519979438,0.3235639081442204
log_F_devs.26,0.5360596344529439,0.3236547355164674
log_F_devs.27,0.4424720555669232,0.32367352149488643
log_F_devs.28,0.4109555896094042,0.3236694007165125
log_F_devs.29,0.48327268777753607,0.32363189599689424
log_F_devs.30,0.4057371238799672,0.323639939367756
log_F_devs.31,0.4012497022306772,0.3236188987485504
log_F_devs.32,0.14662320872530607,0.32369372620407705
log_F_devs.33,0.17471938949303928,0.3236948515405604
log_F_devs.34,-0.10595304782171239,0.3237867601300687
log_F_devs.35,-0.14369232768921902,0.32381205911358923
log_F_devs.36,-0.3140561243268661,0.32385484564880596
log_F_devs.37,-0.18720172570684315,0.3238821584562797
log_F_devs.38,-0.19126184772758964,0.3239335460228267
log_F_devs.39,-0.375130915913294,0.323971752203424
log_F_devs.40,-0.3587606167984642,0.3240049976562454
log_F_devs.41,-0.5432992275158821,0.32403519588357826
log_F_devs.42,-0.4866559100668464,0.32407337278548465
log_F_devs.43,-0.35423244665936576,0.3241458551743211
log_F_devs.44,-0.3682240710518208,0.32425890622020076
log_F_devs.45,-0.26689636033210673,0.3244104230850241
log_F_devs.46,-0.39909129882819816,0.32458322279861995
log_F_devs.47,-0.35339952981915457,0.32474236811748286
log_F_devs.48,-0.35847909373521913,0.3249032957973343
log_spr_Fxx,-2.063504441907561,0.2841779318713126
log_spr_Fxx.1,-2.259296747605137,0.2708547706417986
log_spr_Fxx.2,-2.634435487345751,0.2635057470508792
log_spr_Fxx.3,-3.014958859946398,0.2785134829239997
log_spr_Fxx.4,-3.4357898795992794,0.32302598800125226
pred_rec,1028127.801958139,773855.8114990414
pred_rec.1,1018898.4461075551,767223.7258441743
pred_rec.2,1042588.7800554453,800152.7242871439
pred_rec.3,16810608.70018718,2999618.7790069487
pred_rec.4,1220671.1535013304,1032279.1814374306
pred_rec.5,1428529.9929295373,1331997.7982246145
pred_rec.6,1845457.2876241454,2031633.897988453
pred_rec.7,1853788.5280979015,1846149.1037250108
pred_rec.8,1437983.8930220753,1203825.6033423159
pred_rec.9,1142921.312102227,819254.4123006949
pred_rec.10,906272.4162713069,575092.5719994701
pred_rec.11,762864.0528275936,444488.8839033255
pred_rec.12,662196.9497518442,361538.25510952395
pred_rec.13,573278.1748220234,297097.0674085926
pred_rec.14,511349.6049322452,255558.68553790788
pred_rec.15,497735.50504669844,243573.27736341438
pred_rec.16,545543.1936495507,261388.5214855451
pred_rec.17,618867.866503324,284682.3549490882
pred_rec.18,584540.2616968096,268544.1633469841
pred_rec.19,560758.3554567212,263042.5885222981
pred_rec.20,770615.6370704108,335233.02502477705
pred_rec.21,890956.7570163119,389707.7345891025
pred_rec.22,1050339.792465558,464132.4247106876
pred_rec.23,1723357.4252536334,536960.4016101788
pred_rec.24,1460331.4970707917,526022.5499252983
pred_rec.25,1343072.6924444372,475823.23701461597
pred_rec.26,1046959.9406181518,421071.29793466546
pred_rec.27,816207.694419013,340374.24612267566
pred_rec.28,632751.7163582752,271672.05025392416
pred_rec.29,640537.9509990617,264314.4476194065
pred_rec.30,738461.4504733047,263733.5040971047
pred_rec.31,544218.3656552975,220486.23579478165
pred_rec.32,476124.57720362424,193611.48342512688
pred_rec.33,525136.0036408614,224787.0152497883
pred_rec.34,1231105.5937766056,297773.2920514312
pred_rec.35,581909.9438167766,226424.0283042065
pred_rec.36,321263.7661621871,131726.22932220198
pred_rec.37,387067.1095128538,135912.09277881272
pred_rec.38,391496.4008775907,148125.64295726139
pred_rec.39,529424.1578519585,190335.74871072808
pred_rec.40,1507378.660783417,240242.52331953525
pred_rec.41,926082.7345735444,243724.2389976945
pred_rec.42,1401433.6423913478,323247.9846436837
pred_rec.43,2484222.2290559355,556127.545528245
pred_rec.44,3582544.669914669,601026.2861492408
pred_rec.45,720867.6256116511,346740.6857820951
pred_rec.46,1695060.2852073906,312721.323540587
pred_rec.47,529826.9970520779,235039.21875684755
pred_rec.48,833075.1835802575,566938.8535461162
