year,catch,sigma_catch,upper_catch,lower_catch,fsh_cpue,sigma_fsh_cpue,upper_fsh_cpue,lower_fsh_cpue,srv_cpue,sigma_srv_cpue,upper_srv_cpue,lower_srv_cpue,mr,sigma_mr,upper_mr,lower_mr,index
1975,708.596382539288,0.05,1092.4963683430406,459.5977139121294,NA,NA,NA,NA,NA,NA,NA,NA,NA,NA,NA,NA,0
1976,698.61303852908,0.05,1077.1042955864918,453.12248739763936,NA,NA,NA,NA,NA,NA,NA,NA,NA,NA,NA,NA,1
1977,402.49522121597045,0.05,620.5571723046386,261.0595934296353,NA,NA,NA,NA,NA,NA,NA,NA,NA,NA,NA,NA,2
1978,567.72654722552,0.05,875.3067420880113,368.2291212058349,NA,NA,NA,NA,NA,NA,NA,NA,NA,NA,NA,NA,3
1979,857.267280402552,0.05,1321.713479799165,556.0260989094677,NA,NA,NA,NA,NA,NA,NA,NA,NA,NA,NA,NA,4
1980,622.874694405104,0.05,960.3327907655917,403.998372919198,0.32617732681199996,0.1,0.5973714883348993,0.1780996425235762,NA,NA,NA,NA,NA,NA,NA,NA,5
1981,480.870879091336,0.05,741.3948222069591,311.89427742391877,0.4443538278136,0.1,0.8138036756347411,0.24262648376292162,NA,NA,NA,NA,NA,NA,NA,NA,6
1982,562.648476377032,0.05,867.4774981109515,364.9354694026948,0.562530283456,0.1,1.0302357798623072,0.3071533002351951,NA,NA,NA,NA,NA,NA,NA,NA,7
1983,839.843587891336,0.05,1294.8500618355918,544.7250403048979,0.6900747746744,0.1,1.2638248011861832,0.37679526006688246,NA,NA,NA,NA,NA,NA,NA,NA,8
1984,808.432701589792,0.05,1246.4215345999614,524.3518463515079,0.591596458816,0.1,1.0834684941184216,0.32302403990842593,NA,NA,NA,NA,NA,NA,NA,NA,9
1985,1338.575393152,0.05,2063.782418040832,868.2039673799482,0.8525415407688,0.1,1.5613715829179142,0.46550551238939175,NA,NA,NA,NA,NA,NA,NA,NA,10
1986,1895.812257968,0.05,2922.916427357606,1229.629449484771,0.7169190296224,0.1,1.3129882200180842,0.39145278472311384,NA,NA,NA,NA,NA,NA,NA,NA,11
1987,1792.032222736,0.05,2762.9109370795272,1162.317411041359,0.7730994832479999,0.1,1.415878882363226,0.42212848743159403,NA,NA,NA,NA,NA,NA,NA,NA,12
1988,1927.20766453536,0.05,2971.3210883221186,1249.992603236689,0.7164432569736,0.1,1.3121168749184708,0.39119300290595954,NA,NA,NA,NA,NA,NA,NA,NA,13
1989,1718.52694514024,0.05,2649.582318974476,1114.641670131667,0.524298374552,0.1,0.9602166508594188,0.28627787834322255,NA,NA,NA,NA,NA,NA,NA,NA,14
1990,1517.48047847584,0.05,2339.6138515770585,984.2423359748259,0.6358586012048,0.1,1.1645315837393888,0.3471920954070122,NA,NA,NA,NA,NA,NA,NA,NA,15
1991,1809.02289908752,0.05,2789.1067414430895,1173.3376140813407,0.574774319108,0.1,1.0526598945981442,0.31383879978839985,NA,NA,NA,NA,NA,NA,NA,NA,16
1992,1961.55144178232,0.05,3024.271474242846,1272.2680789500234,0.6660737251008,0.1,1.2198685187384921,0.36369018501145856,NA,NA,NA,NA,NA,NA,NA,NA,17
1993,2646.01438076864,0.05,4079.5594964992943,1716.2127698449822,0.7199873073472,0.1,1.3186075610342214,0.3931281285346869,NA,NA,NA,NA,NA,NA,NA,NA,18
1994,2151.45671823984,0.05,3317.0627302686553,1395.4412041174915,0.4502921182,0.1,0.8246792487500153,0.24586891451479484,NA,NA,NA,NA,NA,NA,NA,NA,19
1995,2084.91038106928,0.05,3214.463234311816,1352.2790525930734,0.380265678056,0.1,0.6964306081088258,0.20763301357483357,NA,NA,NA,NA,NA,NA,NA,NA,20
1996,2146.8924442039197,0.05,3310.025645503281,1392.4808024498172,0.33133308028,0.1,0.6068138985501321,0.18091479175103842,NA,NA,NA,NA,NA,NA,NA,NA,21
1997,2178.7604890993603,0.05,3359.159008546568,1413.150510822173,0.6672365989112,0.08,1.149273202866555,0.3873793261829663,0.19207705484620868,0.04798786410731726,0.2936050548462088,0.12565722009697153,NA,NA,NA,NA,22
1998,2163.47105943896,0.05,3335.5861442339283,1403.2337414283484,0.5902721062535999,0.08,1.016706690286253,0.3426958460585751,0.2043654685664879,0.05449408388902355,0.32098546856648785,0.13011568694658537,NA,NA,NA,NA,23
1999,1407.31423982928,0.05,2169.7622709013613,912.7881870687672,0.573480221132,0.08,0.987783721091578,0.332946936669669,0.1949358482237743,0.06168961509980675,0.31488784822377425,0.1206778385926083,NA,NA,NA,NA,24
2000,1440.48632997328,0.05,2220.906178640204,934.3037030543766,0.5599764244184,0.08,0.9645242780016414,0.32510700150969396,0.17457196540958253,0.09629469254658773,0.3162799654095826,0.09635567990371716,NA,NA,NA,NA,25
2001,1025.1284796217599,0.05,1580.517723020834,664.9013702440897,0.5609503771608,0.08,0.9662018505291754,0.3256724518427551,0.24972311984117224,0.05951180620917507,0.40005511984117215,0.15588261089613592,NA,NA,NA,NA,26
2002,958.57473075792,0.05,1477.906799898701,621.7344114734427,0.63659482638,0.08,1.0964946710595378,0.3695895508385719,0.21530610004023665,0.04872807481230401,0.33016210004023666,0.14040593002312174,NA,NA,NA,NA,27
2003,959.7824376015999,0.05,1479.7688124255162,622.5177337117565,0.8278916731984,0.08,1.4259914945251744,0.48065126978858447,0.2320784500011024,0.036844958494287816,0.3369384500011023,0.15985236162491392,NA,NA,NA,NA,28
2004,1057.1272134442402,0.05,1629.852579017925,685.6558438418707,0.7753268921232,0.08,1.3354519551730857,0.45013359508804535,0.2126169829604044,0.04448585200425703,0.3200249829604042,0.1412576637767624,NA,NA,NA,NA,29
2005,978.6417043408,0.05,1508.845563210433,634.7499100154714,0.7704756349648,0.08,1.3270959689135464,0.44731708782176544,0.25618311192640014,0.044340409865750274,0.3853471119264,0.17031342601272573,1.7275708293261414,0.05,2.6635259558208935,1.120507560219662,30
2006,971.0087171317599,0.05,1497.0772124102189,629.799131888403,0.8064642592736,0.08,1.3890841176356465,0.4682110991181246,0.2138287332860047,0.043122125247687215,0.3198647332860047,0.1429439460517665,2.172791794335783,0.05,3.34995662265576,1.4092791977080004,31
2007,732.89179109488,0.05,1129.954428062846,475.3557879100477,0.8893761595167999,0.08,1.5318946668527411,0.5163474814766028,0.22566793428921444,0.04199015726964794,0.33581993428921436,0.15164679450655474,2.7398747724446104,0.05,4.2242711258048065,1.7770908980772844,32
2008,741.57617280848,0.05,1143.3437928933768,480.98850362898463,0.9838520702855998,0.08,1.6946234990843254,0.5711976121706633,0.2248532301392499,0.0631358203952963,0.36518923013925,0.13844596426016145,1.76978361277112,0.05,2.728608580778739,1.1478868966758486,33
2009,540.78362694568,0.05,833.7668143045815,350.7538632566528,0.884664064384,0.08,1.5237783784562084,0.5136117678775096,0.2204055445062163,0.03548655032299575,0.31781754450621647,0.15285060528850541,2.4763061418773735,0.05,3.817907533216342,1.6061395031046517,34
2010,512.92681404016,0.05,790.8178694852016,332.6858518417836,0.8185930371984,0.08,1.4099751770817837,0.4752527359641831,0.21793299290006923,0.04925611669176155,0.3349449929000692,0.14179877413050834,2.1960929841457775,0.05,3.3858818205156,1.4243924184807757,35
2011,427.33643489328,0.05,658.8567408551304,277.1716782472023,0.9177301954367999,0.08,1.5807327157984172,0.5328090594943263,0.25388705059725103,0.04274456443150987,0.37913105059725116,0.17001676428092186,NA,NA,NA,NA,36
2012,481.43555441136004,0.05,742.2654246424504,312.26052751011815,0.9902324314351999,0.08,1.705613271086958,0.5749018754064769,0.27114531636453104,0.033778573073843576,0.38756931636453096,0.18969453845327658,1.8518010423667988,0.05,2.855061024203599,1.2010836446017146,37
2013,471.10474713576,0.05,726.3376416213188,305.55993529185463,0.8600607353528,0.08,1.481400686940174,0.4993277477300589,0.21010868972634872,0.054535145152329045,0.3300606897263488,0.13375013405905428,2.009979505530933,0.05,3.0989366645753855,1.3036786646325136,38
2014,384.36310613368,0.05,592.6015259509372,249.29904984578448,0.9405326735095999,0.08,1.6200085544601226,0.5460475548130141,0.20711234088044717,0.039574640988150334,0.30472034088044697,0.14077012916511553,NA,NA,NA,NA,39
2015,383.50556777808,0.05,591.2793945341062,248.74284792669843,0.8404406133928,0.08,1.447606257134619,0.48793684136057186,0.18472056517318255,0.05486204612417844,0.29056056517318263,0.11743399238490072,1.886497892777188,0.05,2.9085557695908864,1.2235881246153164,40
2016,316.10695391912,0.05,487.36587946872817,205.02790721613545,0.6836504151008,0.08,1.1775449720324953,0.3969087390868657,0.20228490713912275,0.04486282093055083,0.3049889071391226,0.13416613751666043,NA,NA,NA,NA,41
2017,337.68578138944,0.05,520.6355816932077,219.02399867051625,0.831564316904,0.08,1.4323173930166693,0.48278350630904365,0.22757031247269469,0.07027846922988701,0.3792743124726947,0.1365456225634799,2.0617200047632926,0.05,3.178708885970369,1.3372377057874354,42
2018,396.79726033656004,0.05,611.7721972171151,257.36387911515715,1.063741959188,0.08,1.832228823260696,0.6175794973705225,0.21402866395480255,0.06109817689321706,0.3449566639548026,0.13279427180534115,2.9451891116180566,0.05,4.540819693427935,1.91025838699297,43
2019,412.46991173408,0.05,635.9359033212003,267.52920726350203,0.8733127885064,0.08,1.5042265175334724,0.507021527462105,0.1920522258163907,0.050178223396806,0.2963242258163906,0.12447196087127936,3.5082204487622537,0.05,5.40888747679579,2.2754421810240024,44
2020,499.44750675864,0.05,770.0358070647461,323.94313318789284,0.9032183358624,0.08,1.5557369476408616,0.5243838705991635,0.3574487567026676,0.037530406328962984,0.5207167567026674,0.24537257928352038,3.0692428975417108,0.05,4.7320827508473435,1.9907200402240248,45
2021,491.4047672164,0.05,757.635710256548,318.72658848305275,1.1046052460023998,0.08,1.9026132724852658,0.6413036044378122,0.33592215949080106,0.022295277386535473,0.4494061594908009,0.25109512821279667,NA,NA,NA,NA,46
2022,537.10499582568,0.05,828.0951918716934,348.36789220918683,1.3115921576152,0.08,2.2591352487211025,0.7614745460200064,0.34964761742151207,0.020906230283211258,0.46352361742151194,0.263748063256434,3.925208106796537,0.05,6.051788729570767,2.5459016119278903,47
2023,579.3857803196801,0.05,893.2826591642297,375.79133434731585,0.9623610174032001,0.08,1.6576065080807831,0.5587204944613956,0.3233443628078375,0.018804039666652672,0.42252036280783756,0.24744742777558526,NA,NA,NA,NA,48
2024,631.83520387744,0.05,974.147882541745,409.8101859208616,0.8655027053727999,0.08,1.4907741390634461,0.5024872067329006,0.3938278334685443,0.017037708953229647,0.5080958334685443,0.30525808754566286,NA,NA,NA,NA,49
2025,712.61745339328,0.05,1098.6959558841086,462.2057923860143,0.9918725747480001,0.08,1.7084383150988391,0.5758540977701674,0.4201946283549408,0.013003659051205485,0.5250546283549409,0.3362764866039587,NA,NA,NA,NA,50
