YEAR,PROJECT_CODE,TRIP_NO,TARGET_SPECIES_CODE,ADFG_NO,VESSEL_NAME,TIME_FIRST_BUOY_ONBOARD,NUMBER_OF_STATIONS,HOOKS_PER_SET,HOOK_SIZE,HOOK_SPACING_INCHES,SAMPLE_FREQ,LAST_SKATE_SAMPLED,EFFORT_NO,STATION_NO,SPECIES_CODE,STAT,START_LAT,START_LON,END_LAT,END_LON,DEPTH_METERS,LENGTH,WEIGHT,AGE,AGE_TYPE_CODE,AGE_READABILITY_CODE,SEX_CODE,MATURITY_CODE,OTOLITH_CONDITION_CODE,Specimen No
2025,603,1,710,26017,Ida June,8/1/2025 9:22,14,1125,13,78,40,21,1,58,710,345603,56.1088,-134.5756,56.1346,-134.5811,539.496,70,3.2,9,,02,02,07,01,1
2025,603,1,710,26017,Ida June,8/1/2025 9:22,14,1125,13,78,40,21,1,58,710,345603,56.1088,-134.5756,56.1346,-134.5811,539.496,71,3.5,9,,02,02,07,01,2
2025,603,1,710,26017,Ida June,8/1/2025 9:22,14,1125,13,78,40,21,1,58,710,345603,56.1088,-134.5756,56.1346,-134.5811,539.496,69,3.6,9,,02,02,07,01,3
2025,603,1,710,26017,Ida June,8/1/2025 9:22,14,1125,13,78,40,21,1,58,710,345603,56.1088,-134.5756,56.1346,-134.5811,539.496,68,3,9,,02,02,07,01,4
2025,603,1,710,26017,Ida June,8/1/2025 9:22,14,1125,13,78,40,21,1,58,710,345603,56.1088,-134.5756,56.1346,-134.5811,539.496,64,2.4,6,,02,01,07,04,7
2025,603,1,710,26017,Ida June,8/1/2025 9:22,14,1125,13,78,40,21,1,58,710,345603,56.1088,-134.5756,56.1346,-134.5811,539.496,65,2.7,6,,02,02,07,01,8
2025,603,1,710,26017,Ida June,8/1/2025 9:22,14,1125,13,78,40,21,1,58,710,345603,56.1088,-134.5756,56.1346,-134.5811,539.496,64,2.6,8,,02,01,07,01,9
2025,603,1,710,26017,Ida June,8/1/2025 9:22,14,1125,13,78,40,21,1,58,710,345603,56.1088,-134.5756,56.1346,-134.5811,539.496,75,4.5,9,,03,02,07,01,10
2025,603,1,710,26017,Ida June,8/1/2025 9:22,14,1125,13,78,40,21,1,58,710,345603,56.1088,-134.5756,56.1346,-134.5811,539.496,64,2.7,8,,02,02,07,01,11
2025,603,1,710,26017,Ida June,8/1/2025 9:22,14,1125,13,78,40,21,1,58,710,345603,56.1088,-134.5756,56.1346,-134.5811,539.496,64,2.6,16,,02,01,07,01,12
2025,603,1,710,26017,Ida June,8/1/2025 9:22,14,1125,13,78,40,21,1,58,710,345603,56.1088,-134.5756,56.1346,-134.5811,539.496,70,4,7,,02,02,07,01,17
2025,603,1,710,26017,Ida June,8/1/2025 9:22,14,1125,13,78,40,21,1,58,710,345603,56.1088,-134.5756,56.1346,-134.5811,539.496,67,3.2,9,,02,02,07,01,18
2025,603,1,710,26017,Ida June,8/1/2025 9:22,14,1125,13,78,40,21,1,58,710,345603,56.1088,-134.5756,56.1346,-134.5811,539.496,73,4,9,,01,02,07,01,19
2025,603,1,710,26017,Ida June,8/1/2025 9:22,14,1125,13,78,40,21,1,58,710,345603,56.1088,-134.5756,56.1346,-134.5811,539.496,72,4.2,7,,02,02,07,01,20
2025,603,1,710,26017,Ida June,8/1/2025 9:22,14,1125,13,78,40,21,1,58,710,345603,56.1088,-134.5756,56.1346,-134.5811,539.496,68,3,9,,03,02,07,01,21
2025,603,1,710,26017,Ida June,8/1/2025 9:22,14,1125,13,78,40,21,1,58,710,345603,56.1088,-134.5756,56.1346,-134.5811,539.496,63,2.8,9,,02,01,07,01,22
2025,603,1,710,26017,Ida June,8/1/2025 9:22,14,1125,13,78,40,21,1,58,710,345603,56.1088,-134.5756,56.1346,-134.5811,539.496,73,4.1,11,,02,02,07,01,23
2025,603,1,710,26017,Ida June,8/1/2025 9:22,14,1125,13,78,40,21,1,58,710,345603,56.1088,-134.5756,56.1346,-134.5811,539.496,66,3.3,10,,03,02,07,01,24
2025,603,1,710,26017,Ida June,8/1/2025 9:22,14,1125,13,78,40,21,1,58,710,345603,56.1088,-134.5756,56.1346,-134.5811,539.496,67,3.1,7,,02,02,07,01,25
2025,603,1,710,26017,Ida June,8/1/2025 9:22,14,1125,13,78,40,21,1,58,710,345603,56.1088,-134.5756,56.1346,-134.5811,539.496,65,3,9,,03,02,07,01,26
2025,603,1,710,26017,Ida June,8/1/2025 9:22,14,1125,13,78,40,21,1,58,710,345603,56.1088,-134.5756,56.1346,-134.5811,539.496,68,3.3,6,,02,02,07,01,27
2025,603,1,710,26017,Ida June,8/1/2025 9:22,14,1125,13,78,40,21,1,58,710,345603,56.1088,-134.5756,56.1346,-134.5811,539.496,64,2.7,6,,02,02,07,01,28
2025,603,1,710,26017,Ida June,8/1/2025 9:22,14,1125,13,78,40,21,1,58,710,345603,56.1088,-134.5756,56.1346,-134.5811,539.496,66,2.75,7,,02,01,07,01,29
2025,603,1,710,26017,Ida June,8/1/2025 9:22,14,1125,13,78,40,21,1,58,710,345603,56.1088,-134.5756,56.1346,-134.5811,539.496,68,3.5,9,,02,02,07,01,30
2025,603,1,710,26017,Ida June,8/1/2025 9:22,14,1125,13,78,40,21,1,58,710,345603,56.1088,-134.5756,56.1346,-134.5811,539.496,60,2.4,7,,02,01,07,01,31
2025,603,1,710,26017,Ida June,8/1/2025 11:55,14,1125,13,78,40,21,2,55,710,345603,56.0886,-134.5084,56.1144,-134.5086,526.6944,62,2.5,6,,02,01,07,01,1
2025,603,1,710,26017,Ida June,8/1/2025 11:55,14,1125,13,78,40,21,2,55,710,345603,56.0886,-134.5084,56.1144,-134.5086,526.6944,54,1.5,5,,02,02,01,01,3
2025,603,1,710,26017,Ida June,8/1/2025 11:55,14,1125,13,78,40,21,2,55,710,345603,56.0886,-134.5084,56.1144,-134.5086,526.6944,87,6.9,22,,02,02,07,01,5
2025,603,1,710,26017,Ida June,8/1/2025 11:55,14,1125,13,78,40,21,2,55,710,345603,56.0886,-134.5084,56.1144,-134.5086,526.6944,72,3.4,8,,03,02,07,01,6
2025,603,1,710,26017,Ida June,8/1/2025 11:55,14,1125,13,78,40,21,2,55,710,345603,56.0886,-134.5084,56.1144,-134.5086,526.6944,58,2.1,9,,02,01,07,01,7
2025,603,1,710,26017,Ida June,8/1/2025 11:55,14,1125,13,78,40,21,2,55,710,345603,56.0886,-134.5084,56.1144,-134.5086,526.6944,62,2.3,5,,01,01,07,01,8
2025,603,1,710,26017,Ida June,8/1/2025 11:55,14,1125,13,78,40,21,2,55,710,345603,56.0886,-134.5084,56.1144,-134.5086,526.6944,58,1.8,7,,01,02,07,01,9
2025,603,1,710,26017,Ida June,8/1/2025 11:55,14,1125,13,78,40,21,2,55,710,345603,56.0886,-134.5084,56.1144,-134.5086,526.6944,60,2.1,5,,02,01,07,01,10
2025,603,1,710,26017,Ida June,8/1/2025 11:55,14,1125,13,78,40,21,2,55,710,345603,56.0886,-134.5084,56.1144,-134.5086,526.6944,57,1.9,9,,02,01,07,03,11
2025,603,1,710,26017,Ida June,8/1/2025 11:55,14,1125,13,78,40,21,2,55,710,345603,56.0886,-134.5084,56.1144,-134.5086,526.6944,62,2.5,6,,02,02,07,01,12
2025,603,1,710,26017,Ida June,8/1/2025 11:55,14,1125,13,78,40,21,2,55,710,345603,56.0886,-134.5084,56.1144,-134.5086,526.6944,59,2.2,8,,02,01,07,01,13
2025,603,1,710,26017,Ida June,8/1/2025 11:55,14,1125,13,78,40,21,2,55,710,345603,56.0886,-134.5084,56.1144,-134.5086,526.6944,55,1.7,5,,02,01,01,01,14
2025,603,1,710,26017,Ida June,8/1/2025 11:55,14,1125,13,78,40,21,2,55,710,345603,56.0886,-134.5084,56.1144,-134.5086,526.6944,63,2.5,23,,01,01,07,01,15
2025,603,1,710,26017,Ida June,8/1/2025 11:55,14,1125,13,78,40,21,2,55,710,345603,56.0886,-134.5084,56.1144,-134.5086,526.6944,51,1.2,5,,01,02,01,01,29
2025,603,1,710,26017,Ida June,8/1/2025 11:55,14,1125,13,78,40,21,2,55,710,345603,56.0886,-134.5084,56.1144,-134.5086,526.6944,61,2.3,10,,02,01,07,01,30
2025,603,1,710,26017,Ida June,8/1/2025 11:55,14,1125,13,78,40,21,2,55,710,345603,56.0886,-134.5084,56.1144,-134.5086,526.6944,54,1.7,7,,02,01,07,01,31
2025,603,1,710,26017,Ida June,8/1/2025 11:55,14,1125,13,78,40,21,2,55,710,345603,56.0886,-134.5084,56.1144,-134.5086,526.6944,54,1.6,5,,02,01,07,01,32
2025,603,1,710,26017,Ida June,8/1/2025 11:55,14,1125,13,78,40,21,2,55,710,345603,56.0886,-134.5084,56.1144,-134.5086,526.6944,57,1.9,5,,01,01,07,02,35
2025,603,1,710,26017,Ida June,8/1/2025 11:55,14,1125,13,78,40,21,2,55,710,345603,56.0886,-134.5084,56.1144,-134.5086,526.6944,63,2.8,9,,02,01,07,01,37
2025,603,1,710,26017,Ida June,8/1/2025 11:55,14,1125,13,78,40,21,2,55,710,345603,56.0886,-134.5084,56.1144,-134.5086,526.6944,52,1.4,7,,02,01,01,01,39
2025,603,1,710,26017,Ida June,8/1/2025 18:37,14,1125,13,78,40,21,3,52,710,345603,56.233,-134.4552,56.2583,-134.4546,724.2048,57,1.7,7,,01,02,01,01,1
2025,603,1,710,26017,Ida June,8/1/2025 18:37,14,1125,13,78,40,21,3,52,710,345603,56.233,-134.4552,56.2583,-134.4546,724.2048,65,2.5,8,,02,01,07,01,3
2025,603,1,710,26017,Ida June,8/1/2025 18:37,14,1125,13,78,40,21,3,52,710,345603,56.233,-134.4552,56.2583,-134.4546,724.2048,66,2.7,10,,01,02,07,02,5
2025,603,1,710,26017,Ida June,8/1/2025 18:37,14,1125,13,78,40,21,3,52,710,345603,56.233,-134.4552,56.2583,-134.4546,724.2048,70,3.4,13,,01,02,07,01,7
2025,603,1,710,26017,Ida June,8/1/2025 18:37,14,1125,13,78,40,21,3,52,710,345603,56.233,-134.4552,56.2583,-134.4546,724.2048,66,3.1,9,,02,02,07,01,9
2025,603,1,710,26017,Ida June,8/1/2025 18:37,14,1125,13,78,40,21,3,52,710,345603,56.233,-134.4552,56.2583,-134.4546,724.2048,70,3.5,9,,01,02,07,01,11
2025,603,1,710,26017,Ida June,8/1/2025 18:37,14,1125,13,78,40,21,3,52,710,345603,56.233,-134.4552,56.2583,-134.4546,724.2048,59,2.2,11,,02,01,07,06,13
2025,603,1,710,26017,Ida June,8/1/2025 18:37,14,1125,13,78,40,21,3,52,710,345603,56.233,-134.4552,56.2583,-134.4546,724.2048,56,2.3,8,,02,01,07,01,15
2025,603,1,710,26017,Ida June,8/1/2025 18:37,14,1125,13,78,40,21,3,52,710,345603,56.233,-134.4552,56.2583,-134.4546,724.2048,67,3.1,8,,02,02,07,01,17
2025,603,1,710,26017,Ida June,8/1/2025 18:37,14,1125,13,78,40,21,3,52,710,345603,56.233,-134.4552,56.2583,-134.4546,724.2048,71,3.6,12,,02,02,07,01,19
2025,603,1,710,26017,Ida June,8/1/2025 18:37,14,1125,13,78,40,21,3,52,710,345603,56.233,-134.4552,56.2583,-134.4546,724.2048,61,2.9,11,,02,02,07,01,21
2025,603,1,710,26017,Ida June,8/1/2025 18:37,14,1125,13,78,40,21,3,52,710,345603,56.233,-134.4552,56.2583,-134.4546,724.2048,61,2.5,9,,02,01,07,01,22
2025,603,1,710,26017,Ida June,8/1/2025 18:37,14,1125,13,78,40,21,3,52,710,345603,56.233,-134.4552,56.2583,-134.4546,724.2048,63,2.4,9,,02,01,07,01,23
2025,603,1,710,26017,Ida June,8/2/2025 8:24,14,1125,13,78,40,21,4,57,710,345603,56.2504,-134.4125,56.2748,-134.4124,687.6288,64,3.2,8,,01,02,07,01,1
2025,603,1,710,26017,Ida June,8/2/2025 8:24,14,1125,13,78,40,21,4,57,710,345603,56.2504,-134.4125,56.2748,-134.4124,687.6288,63,2.3,9,,02,01,07,01,3
2025,603,1,710,26017,Ida June,8/2/2025 8:24,14,1125,13,78,40,21,4,57,710,345603,56.2504,-134.4125,56.2748,-134.4124,687.6288,56,1.7,8,,02,02,01,01,5
2025,603,1,710,26017,Ida June,8/2/2025 8:24,14,1125,13,78,40,21,4,57,710,345603,56.2504,-134.4125,56.2748,-134.4124,687.6288,61,2.6,9,,02,01,07,01,7
2025,603,1,710,26017,Ida June,8/2/2025 8:24,14,1125,13,78,40,21,4,57,710,345603,56.2504,-134.4125,56.2748,-134.4124,687.6288,69,3.3,20,,01,01,07,01,9
2025,603,1,710,26017,Ida June,8/2/2025 8:24,14,1125,13,78,40,21,4,57,710,345603,56.2504,-134.4125,56.2748,-134.4124,687.6288,78,5.2,12,,02,02,07,01,11
2025,603,1,710,26017,Ida June,8/2/2025 8:24,14,1125,13,78,40,21,4,57,710,345603,56.2504,-134.4125,56.2748,-134.4124,687.6288,63,2.7,6,,01,02,07,01,13
2025,603,1,710,26017,Ida June,8/2/2025 8:24,14,1125,13,78,40,21,4,57,710,345603,56.2504,-134.4125,56.2748,-134.4124,687.6288,73,4.1,9,,01,02,07,01,15
2025,603,1,710,26017,Ida June,8/2/2025 8:24,14,1125,13,78,40,21,4,57,710,345603,56.2504,-134.4125,56.2748,-134.4124,687.6288,61,2.3,9,,02,02,07,01,17
2025,603,1,710,26017,Ida June,8/2/2025 8:24,14,1125,13,78,40,21,4,57,710,345603,56.2504,-134.4125,56.2748,-134.4124,687.6288,82,5.7,10,,01,02,07,01,19
2025,603,1,710,26017,Ida June,8/2/2025 8:24,14,1125,13,78,40,21,4,57,710,345603,56.2504,-134.4125,56.2748,-134.4124,687.6288,73,4.1,8,,02,02,07,01,21
2025,603,1,710,26017,Ida June,8/2/2025 8:24,14,1125,13,78,40,21,4,57,710,345603,56.2504,-134.4125,56.2748,-134.4124,687.6288,57,2.1,9,,02,01,07,04,23
2025,603,1,710,26017,Ida June,8/2/2025 8:24,14,1125,13,78,40,21,4,57,710,345603,56.2504,-134.4125,56.2748,-134.4124,687.6288,65,3,10,,02,02,07,01,25
2025,603,1,710,26017,Ida June,8/2/2025 13:07,14,1125,13,78,40,21,5,53,710,345603,56.4191,-134.4949,56.4453,-134.4975,707.7456,56,2,9,,01,01,07,01,1
2025,603,1,710,26017,Ida June,8/2/2025 13:07,14,1125,13,78,40,21,5,53,710,345603,56.4191,-134.4949,56.4453,-134.4975,707.7456,67,3.3,7,,02,01,07,01,3
2025,603,1,710,26017,Ida June,8/2/2025 13:07,14,1125,13,78,40,21,5,53,710,345603,56.4191,-134.4949,56.4453,-134.4975,707.7456,57,2,6,,02,01,07,04,5
2025,603,1,710,26017,Ida June,8/2/2025 13:07,14,1125,13,78,40,21,5,53,710,345603,56.4191,-134.4949,56.4453,-134.4975,707.7456,59,2.3,6,,03,01,07,01,7
2025,603,1,710,26017,Ida June,8/2/2025 13:07,14,1125,13,78,40,21,5,53,710,345603,56.4191,-134.4949,56.4453,-134.4975,707.7456,47,1,5,,02,01,01,01,9
2025,603,1,710,26017,Ida June,8/2/2025 13:07,14,1125,13,78,40,21,5,53,710,345603,56.4191,-134.4949,56.4453,-134.4975,707.7456,57,2.2,11,,02,01,07,01,11
2025,603,1,710,26017,Ida June,8/2/2025 13:07,14,1125,13,78,40,21,5,53,710,345603,56.4191,-134.4949,56.4453,-134.4975,707.7456,54,1.5,5,,02,01,01,01,13
2025,603,1,710,26017,Ida June,8/2/2025 13:07,14,1125,13,78,40,21,5,53,710,345603,56.4191,-134.4949,56.4453,-134.4975,707.7456,53,1.7,5,,02,01,07,01,15
2025,603,1,710,26017,Ida June,8/2/2025 13:07,14,1125,13,78,40,21,5,53,710,345603,56.4191,-134.4949,56.4453,-134.4975,707.7456,69,3.2,5,,03,02,07,01,17
2025,603,1,710,26017,Ida June,8/2/2025 13:07,14,1125,13,78,40,21,5,53,710,345603,56.4191,-134.4949,56.4453,-134.4975,707.7456,59,2,9,,02,01,07,01,19
2025,603,1,710,26017,Ida June,8/2/2025 13:07,14,1125,13,78,40,21,5,53,710,345603,56.4191,-134.4949,56.4453,-134.4975,707.7456,74,4,12,,02,02,07,01,21
2025,603,1,710,26017,Ida June,8/2/2025 13:07,14,1125,13,78,40,21,5,53,710,345603,56.4191,-134.4949,56.4453,-134.4975,707.7456,60,2.5,5,,03,01,07,01,23
2025,603,1,710,26017,Ida June,8/2/2025 13:07,14,1125,13,78,40,21,5,53,710,345603,56.4191,-134.4949,56.4453,-134.4975,707.7456,57,1.9,6,,01,01,01,01,24
2025,603,1,710,26017,Ida June,8/2/2025 13:07,14,1125,13,78,40,21,5,53,710,345603,56.4191,-134.4949,56.4453,-134.4975,707.7456,60,2.2,9,,02,01,07,01,26
2025,603,1,710,26017,Ida June,8/2/2025 13:07,14,1125,13,78,40,21,5,53,710,345603,56.4191,-134.4949,56.4453,-134.4975,707.7456,57,2,5,,02,01,07,01,27
2025,603,1,710,26017,Ida June,8/2/2025 13:07,14,1125,13,78,40,21,5,53,710,345603,56.4191,-134.4949,56.4453,-134.4975,707.7456,60,1.9,9,,02,01,07,01,28
2025,603,1,710,26017,Ida June,8/2/2025 16:19,14,1125,13,78,40,21,6,54,710,345603,56.3339,-134.5685,56.3088,-134.5827,605.3328,58,1.9,9,,02,01,07,01,1
2025,603,1,710,26017,Ida June,8/2/2025 16:19,14,1125,13,78,40,21,6,54,710,345603,56.3339,-134.5685,56.3088,-134.5827,605.3328,65,3.2,12,,03,02,07,01,3
2025,603,1,710,26017,Ida June,8/2/2025 16:19,14,1125,13,78,40,21,6,54,710,345603,56.3339,-134.5685,56.3088,-134.5827,605.3328,67,3.4,9,,02,01,07,04,5
2025,603,1,710,26017,Ida June,8/2/2025 16:19,14,1125,13,78,40,21,6,54,710,345603,56.3339,-134.5685,56.3088,-134.5827,605.3328,65,2.7,9,,02,02,07,01,7
2025,603,1,710,26017,Ida June,8/2/2025 16:19,14,1125,13,78,40,21,6,54,710,345603,56.3339,-134.5685,56.3088,-134.5827,605.3328,64,2.4,6,,02,02,01,01,9
2025,603,1,710,26017,Ida June,8/2/2025 16:19,14,1125,13,78,40,21,6,54,710,345603,56.3339,-134.5685,56.3088,-134.5827,605.3328,56,1.8,7,,03,02,01,01,11
2025,603,1,710,26017,Ida June,8/2/2025 16:19,14,1125,13,78,40,21,6,54,710,345603,56.3339,-134.5685,56.3088,-134.5827,605.3328,71,4.1,9,,02,02,07,01,13
2025,603,1,710,26017,Ida June,8/2/2025 16:19,14,1125,13,78,40,21,6,54,710,345603,56.3339,-134.5685,56.3088,-134.5827,605.3328,73,4.1,10,,02,02,07,01,16
2025,603,1,710,26017,Ida June,8/2/2025 16:19,14,1125,13,78,40,21,6,54,710,345603,56.3339,-134.5685,56.3088,-134.5827,605.3328,65,2.9,6,,02,02,07,01,17
2025,603,1,710,26017,Ida June,8/2/2025 16:19,14,1125,13,78,40,21,6,54,710,345603,56.3339,-134.5685,56.3088,-134.5827,605.3328,69,3.8,7,,02,02,07,01,20
2025,603,1,710,26017,Ida June,8/2/2025 16:19,14,1125,13,78,40,21,6,54,710,345603,56.3339,-134.5685,56.3088,-134.5827,605.3328,59,2,12,,01,01,07,01,21
2025,603,1,710,26017,Ida June,8/2/2025 16:19,14,1125,13,78,40,21,6,54,710,345603,56.3339,-134.5685,56.3088,-134.5827,605.3328,58,2.2,9,,02,01,07,01,23
2025,603,1,710,26017,Ida June,8/2/2025 16:19,14,1125,13,78,40,21,6,54,710,345603,56.3339,-134.5685,56.3088,-134.5827,605.3328,63,2.6,7,,01,02,07,01,25
2025,603,1,710,26017,Ida June,8/2/2025 16:19,14,1125,13,78,40,21,6,54,710,345603,56.3339,-134.5685,56.3088,-134.5827,605.3328,64,2.5,11,,02,01,07,01,27
2025,603,1,710,26017,Ida June,8/2/2025 16:19,14,1125,13,78,40,21,6,54,710,345603,56.3339,-134.5685,56.3088,-134.5827,605.3328,61,2.3,9,,02,02,07,01,29
2025,603,1,710,26017,Ida June,8/3/2025 8:38,14,1125,13,78,40,21,7,56,710,345603,56.4058,-134.6001,56.4311,-134.6045,559.6128,63,2.7,11,,02,02,07,01,1
2025,603,1,710,26017,Ida June,8/3/2025 8:38,14,1125,13,78,40,21,7,56,710,345603,56.4058,-134.6001,56.4311,-134.6045,559.6128,57,2.2,9,,02,01,01,01,3
2025,603,1,710,26017,Ida June,8/3/2025 8:38,14,1125,13,78,40,21,7,56,710,345603,56.4058,-134.6001,56.4311,-134.6045,559.6128,66,3.2,7,,03,02,07,01,5
2025,603,1,710,26017,Ida June,8/3/2025 8:38,14,1125,13,78,40,21,7,56,710,345603,56.4058,-134.6001,56.4311,-134.6045,559.6128,65,2.8,9,,02,02,07,01,7
2025,603,1,710,26017,Ida June,8/3/2025 8:38,14,1125,13,78,40,21,7,56,710,345603,56.4058,-134.6001,56.4311,-134.6045,559.6128,64,3,10,,03,02,07,01,9
2025,603,1,710,26017,Ida June,8/3/2025 8:38,14,1125,13,78,40,21,7,56,710,345603,56.4058,-134.6001,56.4311,-134.6045,559.6128,63,2.8,11,,03,01,07,04,11
2025,603,1,710,26017,Ida June,8/3/2025 8:38,14,1125,13,78,40,21,7,56,710,345603,56.4058,-134.6001,56.4311,-134.6045,559.6128,66,3.3,9,,02,02,07,06,13
2025,603,1,710,26017,Ida June,8/3/2025 8:38,14,1125,13,78,40,21,7,56,710,345603,56.4058,-134.6001,56.4311,-134.6045,559.6128,62,2.3,5,,02,01,07,01,15
2025,603,1,710,26017,Ida June,8/3/2025 8:38,14,1125,13,78,40,21,7,56,710,345603,56.4058,-134.6001,56.4311,-134.6045,559.6128,60,2.3,9,,01,02,01,03,17
2025,603,1,710,26017,Ida June,8/3/2025 8:38,14,1125,13,78,40,21,7,56,710,345603,56.4058,-134.6001,56.4311,-134.6045,559.6128,56,2,6,,03,01,07,04,19
2025,603,1,710,26017,Ida June,8/3/2025 12:32,14,1125,13,78,40,21,8,3,710,345631,56.5569,-134.5176,56.5645,-134.5213,656.5392,59,2,6,,02,01,07,01,1
2025,603,1,710,26017,Ida June,8/3/2025 12:32,14,1125,13,78,40,21,8,3,710,345631,56.5569,-134.5176,56.5645,-134.5213,656.5392,61,2.3,10,,02,01,07,01,3
2025,603,1,710,26017,Ida June,8/3/2025 12:32,14,1125,13,78,40,21,8,3,710,345631,56.5569,-134.5176,56.5645,-134.5213,656.5392,52,1.5,7,,03,01,01,01,5
2025,603,1,710,26017,Ida June,8/3/2025 12:32,14,1125,13,78,40,21,8,3,710,345631,56.5569,-134.5176,56.5645,-134.5213,656.5392,56,2.1,6,,01,01,01,01,7
2025,603,1,710,26017,Ida June,8/3/2025 12:32,14,1125,13,78,40,21,8,3,710,345631,56.5569,-134.5176,56.5645,-134.5213,656.5392,64,2.9,6,,02,02,07,01,9
2025,603,1,710,26017,Ida June,8/3/2025 12:32,14,1125,13,78,40,21,8,3,710,345631,56.5569,-134.5176,56.5645,-134.5213,656.5392,70,3.5,9,,03,02,07,01,11
2025,603,1,710,26017,Ida June,8/3/2025 12:32,14,1125,13,78,40,21,8,3,710,345631,56.5569,-134.5176,56.5645,-134.5213,656.5392,61,2.3,7,,02,01,07,01,13
2025,603,1,710,26017,Ida June,8/3/2025 12:32,14,1125,13,78,40,21,8,3,710,345631,56.5569,-134.5176,56.5645,-134.5213,656.5392,61,2.6,6,,02,02,07,01,15
2025,603,1,710,26017,Ida June,8/3/2025 12:32,14,1125,13,78,40,21,8,3,710,345631,56.5569,-134.5176,56.5645,-134.5213,656.5392,73,4.2,16,,02,02,07,01,17
2025,603,1,710,26017,Ida June,8/3/2025 12:32,14,1125,13,78,40,21,8,3,710,345631,56.5569,-134.5176,56.5645,-134.5213,656.5392,61,2.4,9,,01,01,07,01,19
2025,603,1,710,26017,Ida June,8/3/2025 12:32,14,1125,13,78,40,21,8,3,710,345631,56.5569,-134.5176,56.5645,-134.5213,656.5392,62,2.4,9,,02,01,07,01,21
2025,603,1,710,26017,Ida June,8/3/2025 12:32,14,1125,13,78,40,21,8,3,710,345631,56.5569,-134.5176,56.5645,-134.5213,656.5392,62,2.5,9,,02,01,07,04,23
2025,603,1,710,26017,Ida June,8/3/2025 12:32,14,1125,13,78,40,21,8,3,710,345631,56.5569,-134.5176,56.5645,-134.5213,656.5392,63,2.5,10,,02,01,07,01,25
2025,603,1,710,26017,Ida June,8/3/2025 15:08,14,1125,13,78,40,21,9,1,710,345631,56.5514,-134.5763,56.523,-134.5771,528.5232,78,4.8,9,,02,02,07,01,1
2025,603,1,710,26017,Ida June,8/3/2025 15:08,14,1125,13,78,40,21,9,1,710,345631,56.5514,-134.5763,56.523,-134.5771,528.5232,58,2.5,11,,02,02,01,01,3
2025,603,1,710,26017,Ida June,8/3/2025 15:08,14,1125,13,78,40,21,9,1,710,345631,56.5514,-134.5763,56.523,-134.5771,528.5232,68,3.3,10,,01,02,07,01,5
2025,603,1,710,26017,Ida June,8/3/2025 15:08,14,1125,13,78,40,21,9,1,710,345631,56.5514,-134.5763,56.523,-134.5771,528.5232,67,3,10,,02,02,07,04,7
2025,603,1,710,26017,Ida June,8/3/2025 15:08,14,1125,13,78,40,21,9,1,710,345631,56.5514,-134.5763,56.523,-134.5771,528.5232,67,3.6,11,,02,02,07,01,9
2025,603,1,710,26017,Ida June,8/3/2025 15:08,14,1125,13,78,40,21,9,1,710,345631,56.5514,-134.5763,56.523,-134.5771,528.5232,60,2.1,6,,02,01,07,01,11
2025,603,1,710,26017,Ida June,8/3/2025 15:08,14,1125,13,78,40,21,9,1,710,345631,56.5514,-134.5763,56.523,-134.5771,528.5232,66,3,9,,02,01,07,01,13
2025,603,1,710,26017,Ida June,8/3/2025 15:08,14,1125,13,78,40,21,9,1,710,345631,56.5514,-134.5763,56.523,-134.5771,528.5232,67,3.1,12,,03,02,07,01,14
2025,603,1,710,26017,Ida June,8/3/2025 15:08,14,1125,13,78,40,21,9,1,710,345631,56.5514,-134.5763,56.523,-134.5771,528.5232,67,3,9,,02,02,07,01,17
2025,603,1,710,26017,Ida June,8/3/2025 15:08,14,1125,13,78,40,21,9,1,710,345631,56.5514,-134.5763,56.523,-134.5771,528.5232,63,2.7,8,,02,02,07,01,19
2025,603,1,710,26017,Ida June,8/3/2025 15:08,14,1125,13,78,40,21,9,1,710,345631,56.5514,-134.5763,56.523,-134.5771,528.5232,68,3.9,9,,02,02,07,01,21
2025,603,1,710,26017,Ida June,8/4/2025 9:35,14,1125,13,78,40,21,10,8,710,345631,56.7522,-134.5529,56.727,-134.5532,727.8624,85,6.4,9,,02,02,07,01,1
2025,603,1,710,26017,Ida June,8/4/2025 9:35,14,1125,13,78,40,21,10,8,710,345631,56.7522,-134.5529,56.727,-134.5532,727.8624,68,4,9,,02,02,07,01,3
2025,603,1,710,26017,Ida June,8/4/2025 9:35,14,1125,13,78,40,21,10,8,710,345631,56.7522,-134.5529,56.727,-134.5532,727.8624,59,2.3,7,,02,02,07,01,5
2025,603,1,710,26017,Ida June,8/4/2025 9:35,14,1125,13,78,40,21,10,8,710,345631,56.7522,-134.5529,56.727,-134.5532,727.8624,72,4.2,8,,02,02,07,01,7
2025,603,1,710,26017,Ida June,8/4/2025 9:35,14,1125,13,78,40,21,10,8,710,345631,56.7522,-134.5529,56.727,-134.5532,727.8624,63,2.6,7,,02,02,07,01,9
2025,603,1,710,26017,Ida June,8/4/2025 9:35,14,1125,13,78,40,21,10,8,710,345631,56.7522,-134.5529,56.727,-134.5532,727.8624,54,2,5,,01,01,01,01,11
2025,603,1,710,26017,Ida June,8/4/2025 9:35,14,1125,13,78,40,21,10,8,710,345631,56.7522,-134.5529,56.727,-134.5532,727.8624,64,3.5,9,,02,02,07,01,13
2025,603,1,710,26017,Ida June,8/4/2025 9:35,14,1125,13,78,40,21,10,8,710,345631,56.7522,-134.5529,56.727,-134.5532,727.8624,58,2.1,9,,01,01,07,01,17
2025,603,1,710,26017,Ida June,8/4/2025 9:35,14,1125,13,78,40,21,10,8,710,345631,56.7522,-134.5529,56.727,-134.5532,727.8624,56,2.1,5,,02,01,07,01,19
2025,603,1,710,26017,Ida June,8/4/2025 9:35,14,1125,13,78,40,21,10,8,710,345631,56.7522,-134.5529,56.727,-134.5532,727.8624,63,2.9,5,,03,02,07,01,21
2025,603,1,710,26017,Ida June,8/4/2025 9:35,14,1125,13,78,40,21,10,8,710,345631,56.7522,-134.5529,56.727,-134.5532,727.8624,64,2.5,11,,02,02,07,01,23
2025,603,1,710,26017,Ida June,8/4/2025 9:35,14,1125,13,78,40,21,10,8,710,345631,56.7522,-134.5529,56.727,-134.5532,727.8624,64,2.7,9,,01,02,07,01,25
2025,603,1,710,26017,Ida June,8/4/2025 13:46,14,1125,13,78,40,21,11,4,710,345631,56.6666,-134.5796,56.6936,-134.58,676.656,55,1.6,5,,02,02,01,01,1
2025,603,1,710,26017,Ida June,8/4/2025 13:46,14,1125,13,78,40,21,11,4,710,345631,56.6666,-134.5796,56.6936,-134.58,676.656,57,2.1,9,,02,02,07,01,3
2025,603,1,710,26017,Ida June,8/4/2025 13:46,14,1125,13,78,40,21,11,4,710,345631,56.6666,-134.5796,56.6936,-134.58,676.656,51,1.4,5,,02,01,01,01,5
2025,603,1,710,26017,Ida June,8/4/2025 13:46,14,1125,13,78,40,21,11,4,710,345631,56.6666,-134.5796,56.6936,-134.58,676.656,70,3.7,10,,02,02,07,01,8
2025,603,1,710,26017,Ida June,8/4/2025 13:46,14,1125,13,78,40,21,11,4,710,345631,56.6666,-134.5796,56.6936,-134.58,676.656,54,1.5,6,,02,02,01,01,9
2025,603,1,710,26017,Ida June,8/4/2025 13:46,14,1125,13,78,40,21,11,4,710,345631,56.6666,-134.5796,56.6936,-134.58,676.656,52,1.4,5,,01,01,01,01,11
2025,603,1,710,26017,Ida June,8/4/2025 13:46,14,1125,13,78,40,21,11,4,710,345631,56.6666,-134.5796,56.6936,-134.58,676.656,52,1.3,6,,01,01,01,04,13
2025,603,1,710,26017,Ida June,8/4/2025 13:46,14,1125,13,78,40,21,11,4,710,345631,56.6666,-134.5796,56.6936,-134.58,676.656,58,2,6,,03,01,07,01,15
2025,603,1,710,26017,Ida June,8/4/2025 13:46,14,1125,13,78,40,21,11,4,710,345631,56.6666,-134.5796,56.6936,-134.58,676.656,59,2.2,9,,02,02,01,01,17
2025,603,1,710,26017,Ida June,8/4/2025 13:46,14,1125,13,78,40,21,11,4,710,345631,56.6666,-134.5796,56.6936,-134.58,676.656,51,1.5,6,,01,01,01,01,19
2025,603,1,710,26017,Ida June,8/4/2025 13:46,14,1125,13,78,40,21,11,4,710,345631,56.6666,-134.5796,56.6936,-134.58,676.656,58,1.9,5,,01,02,07,01,21
2025,603,1,710,26017,Ida June,8/4/2025 13:46,14,1125,13,78,40,21,11,4,710,345631,56.6666,-134.5796,56.6936,-134.58,676.656,66,2.9,9,,03,02,07,01,24
2025,603,1,710,26017,Ida June,8/4/2025 16:25,14,1125,13,78,40,21,12,5,710,345631,56.7061,-134.5518,56.6802,-134.5514,693.1152,58,2,6,,01,02,01,01,1
2025,603,1,710,26017,Ida June,8/4/2025 16:25,14,1125,13,78,40,21,12,5,710,345631,56.7061,-134.5518,56.6802,-134.5514,693.1152,58,2,7,,03,02,01,04,3
2025,603,1,710,26017,Ida June,8/4/2025 16:25,14,1125,13,78,40,21,12,5,710,345631,56.7061,-134.5518,56.6802,-134.5514,693.1152,62,2.4,16,,02,01,07,01,5
2025,603,1,710,26017,Ida June,8/4/2025 16:25,14,1125,13,78,40,21,12,5,710,345631,56.7061,-134.5518,56.6802,-134.5514,693.1152,72,3.5,10,,02,02,07,01,7
2025,603,1,710,26017,Ida June,8/4/2025 16:25,14,1125,13,78,40,21,12,5,710,345631,56.7061,-134.5518,56.6802,-134.5514,693.1152,64,2.8,9,,02,02,07,01,9
2025,603,1,710,26017,Ida June,8/4/2025 16:25,14,1125,13,78,40,21,12,5,710,345631,56.7061,-134.5518,56.6802,-134.5514,693.1152,66,3.1,9,,02,02,07,01,11
2025,603,1,710,26017,Ida June,8/4/2025 16:25,14,1125,13,78,40,21,12,5,710,345631,56.7061,-134.5518,56.6802,-134.5514,693.1152,60,2.2,9,,01,01,07,01,13
2025,603,1,710,26017,Ida June,8/4/2025 16:25,14,1125,13,78,40,21,12,5,710,345631,56.7061,-134.5518,56.6802,-134.5514,693.1152,59,2,6,,02,02,07,01,15
2025,603,1,710,26017,Ida June,8/4/2025 16:25,14,1125,13,78,40,21,12,5,710,345631,56.7061,-134.5518,56.6802,-134.5514,693.1152,55,1.7,5,,02,02,01,01,17
2025,603,1,710,26017,Ida June,8/4/2025 16:25,14,1125,13,78,40,21,12,5,710,345631,56.7061,-134.5518,56.6802,-134.5514,693.1152,58,1.9,5,,02,01,07,01,19
2025,603,1,710,26017,Ida June,8/4/2025 16:25,14,1125,13,78,40,21,12,5,710,345631,56.7061,-134.5518,56.6802,-134.5514,693.1152,54,1.7,4,,01,01,01,01,21
2025,603,1,710,26017,Ida June,8/4/2025 16:25,14,1125,13,78,40,21,12,5,710,345631,56.7061,-134.5518,56.6802,-134.5514,693.1152,69,3.2,12,,02,02,07,01,23
2025,603,1,710,26017,Ida June,8/4/2025 16:25,14,1125,13,78,40,21,12,5,710,345631,56.7061,-134.5518,56.6802,-134.5514,693.1152,61,2.1,9,,02,01,07,01,25
2025,603,1,710,26017,Ida June,8/5/2025 9:31,14,1125,13,78,40,21,13,6,710,345631,56.6361,-134.4279,56.6783,-134.426,535.8384,65,3.1,9,,02,01,07,04,1
2025,603,1,710,26017,Ida June,8/5/2025 9:31,14,1125,13,78,40,21,13,6,710,345631,56.6361,-134.4279,56.6783,-134.426,535.8384,62,2.6,7,,02,01,07,01,3
2025,603,1,710,26017,Ida June,8/5/2025 9:31,14,1125,13,78,40,21,13,6,710,345631,56.6361,-134.4279,56.6783,-134.426,535.8384,67,3.3,8,,02,02,07,01,5
2025,603,1,710,26017,Ida June,8/5/2025 9:31,14,1125,13,78,40,21,13,6,710,345631,56.6361,-134.4279,56.6783,-134.426,535.8384,58,2.2,6,,01,01,01,01,7
2025,603,1,710,26017,Ida June,8/5/2025 9:31,14,1125,13,78,40,21,13,6,710,345631,56.6361,-134.4279,56.6783,-134.426,535.8384,63,2.5,7,,02,02,07,04,9
2025,603,1,710,26017,Ida June,8/5/2025 9:31,14,1125,13,78,40,21,13,6,710,345631,56.6361,-134.4279,56.6783,-134.426,535.8384,67,3.7,9,,02,02,07,01,11
2025,603,1,710,26017,Ida June,8/5/2025 9:31,14,1125,13,78,40,21,13,6,710,345631,56.6361,-134.4279,56.6783,-134.426,535.8384,54,1.8,5,,02,02,01,01,13
2025,603,1,710,26017,Ida June,8/5/2025 9:31,14,1125,13,78,40,21,13,6,710,345631,56.6361,-134.4279,56.6783,-134.426,535.8384,62,2.5,6,,02,02,01,06,15
2025,603,1,710,26017,Ida June,8/5/2025 9:31,14,1125,13,78,40,21,13,6,710,345631,56.6361,-134.4279,56.6783,-134.426,535.8384,59,2.5,7,,02,02,07,01,17
2025,603,1,710,26017,Ida June,8/5/2025 9:31,14,1125,13,78,40,21,13,6,710,345631,56.6361,-134.4279,56.6783,-134.426,535.8384,69,3.6,9,,03,01,07,01,21
2025,603,1,710,26017,Ida June,8/5/2025 9:31,14,1125,13,78,40,21,13,6,710,345631,56.6361,-134.4279,56.6783,-134.426,535.8384,64,2.8,9,,03,02,07,01,23
2025,603,1,710,26017,Ida June,8/5/2025 9:31,14,1125,13,78,40,21,13,6,710,345631,56.6361,-134.4279,56.6783,-134.426,535.8384,62,2.9,7,,02,02,07,01,25
2025,603,1,710,26017,Ida June,8/5/2025 9:31,14,1125,13,78,40,21,13,6,710,345631,56.6361,-134.4279,56.6783,-134.426,535.8384,64,2.7,11,,02,02,07,01,27
2025,603,1,710,26017,Ida June,8/5/2025 11:33,14,1125,13,78,40,21,14,7,710,345631,56.6933,-134.4344,56.7169,-134.4414,471.8304,62,2.6,10,,02,02,07,01,1
2025,603,1,710,26017,Ida June,8/5/2025 11:33,14,1125,13,78,40,21,14,7,710,345631,56.6933,-134.4344,56.7169,-134.4414,471.8304,73,3.9,9,,01,02,07,01,3
2025,603,1,710,26017,Ida June,8/5/2025 11:33,14,1125,13,78,40,21,14,7,710,345631,56.6933,-134.4344,56.7169,-134.4414,471.8304,76,4.4,9,,01,02,07,01,5
2025,603,1,710,26017,Ida June,8/5/2025 11:33,14,1125,13,78,40,21,14,7,710,345631,56.6933,-134.4344,56.7169,-134.4414,471.8304,61,2.3,11,,02,02,07,01,7
2025,603,1,710,26017,Ida June,8/5/2025 11:33,14,1125,13,78,40,21,14,7,710,345631,56.6933,-134.4344,56.7169,-134.4414,471.8304,62,2.6,9,,02,01,07,02,9
2025,603,1,710,26017,Ida June,8/5/2025 11:33,14,1125,13,78,40,21,14,7,710,345631,56.6933,-134.4344,56.7169,-134.4414,471.8304,62,2.3,9,,01,02,07,01,13
2025,603,1,710,26017,Ida June,8/5/2025 11:33,14,1125,13,78,40,21,14,7,710,345631,56.6933,-134.4344,56.7169,-134.4414,471.8304,60,2.2,7,,02,02,01,01,15
2025,603,1,710,26017,Ida June,8/5/2025 11:33,14,1125,13,78,40,21,14,7,710,345631,56.6933,-134.4344,56.7169,-134.4414,471.8304,63,2.7,7,,02,02,07,01,17
2025,603,1,710,26017,Ida June,8/5/2025 11:33,14,1125,13,78,40,21,14,7,710,345631,56.6933,-134.4344,56.7169,-134.4414,471.8304,64,3.1,8,,01,01,07,01,19
2025,603,2,710,36979,Kraken,8/1/2025 8:53,14,1125,13,78,40,21,1,13,710,345631,56.81516,-134.6252,56.8432,-134.62482,702.2592,55,1.5,4,,01,02,01,01,1
2025,603,2,710,36979,Kraken,8/1/2025 8:53,14,1125,13,78,40,21,1,13,710,345631,56.81516,-134.6252,56.8432,-134.62482,702.2592,58,2,9,,02,01,07,01,2
2025,603,2,710,36979,Kraken,8/1/2025 8:53,14,1125,13,78,40,21,1,13,710,345631,56.81516,-134.6252,56.8432,-134.62482,702.2592,67,3.1,7,,03,02,07,01,3
2025,603,2,710,36979,Kraken,8/1/2025 8:53,14,1125,13,78,40,21,1,13,710,345631,56.81516,-134.6252,56.8432,-134.62482,702.2592,64,2.7,7,,02,01,07,01,4
2025,603,2,710,36979,Kraken,8/1/2025 8:53,14,1125,13,78,40,21,1,13,710,345631,56.81516,-134.6252,56.8432,-134.62482,702.2592,64,2.7,9,,03,02,07,01,5
2025,603,2,710,36979,Kraken,8/1/2025 8:53,14,1125,13,78,40,21,1,13,710,345631,56.81516,-134.6252,56.8432,-134.62482,702.2592,57,1.9,9,,02,02,07,01,6
2025,603,2,710,36979,Kraken,8/1/2025 8:53,14,1125,13,78,40,21,1,13,710,345631,56.81516,-134.6252,56.8432,-134.62482,702.2592,87,7.5,41,,02,02,07,01,7
2025,603,2,710,36979,Kraken,8/1/2025 8:53,14,1125,13,78,40,21,1,13,710,345631,56.81516,-134.6252,56.8432,-134.62482,702.2592,59,2.1,8,,02,01,07,01,8
2025,603,2,710,36979,Kraken,8/1/2025 8:53,14,1125,13,78,40,21,1,13,710,345631,56.81516,-134.6252,56.8432,-134.62482,702.2592,77,5,9,,01,02,07,01,9
2025,603,2,710,36979,Kraken,8/1/2025 8:53,14,1125,13,78,40,21,1,13,710,345631,56.81516,-134.6252,56.8432,-134.62482,702.2592,61,2.5,9,,02,01,07,01,10
2025,603,2,710,36979,Kraken,8/1/2025 8:53,14,1125,13,78,40,21,1,13,710,345631,56.81516,-134.6252,56.8432,-134.62482,702.2592,59,2,7,,01,01,07,01,11
2025,603,2,710,36979,Kraken,8/1/2025 8:53,14,1125,13,78,40,21,1,13,710,345631,56.81516,-134.6252,56.8432,-134.62482,702.2592,58,1.9,6,,02,01,07,01,12
2025,603,2,710,36979,Kraken,8/1/2025 8:53,14,1125,13,78,40,21,1,13,710,345631,56.81516,-134.6252,56.8432,-134.62482,702.2592,68,3.9,9,,02,02,07,01,13
2025,603,2,710,36979,Kraken,8/1/2025 8:53,14,1125,13,78,40,21,1,13,710,345631,56.81516,-134.6252,56.8432,-134.62482,702.2592,64,2.8,11,,03,02,07,01,14
2025,603,2,710,36979,Kraken,8/1/2025 8:53,14,1125,13,78,40,21,1,13,710,345631,56.81516,-134.6252,56.8432,-134.62482,702.2592,57,2,7,,01,02,07,01,15
2025,603,2,710,36979,Kraken,8/1/2025 8:53,14,1125,13,78,40,21,1,13,710,345631,56.81516,-134.6252,56.8432,-134.62482,702.2592,66,3,7,,02,01,07,01,16
2025,603,2,710,36979,Kraken,8/1/2025 8:53,14,1125,13,78,40,21,1,13,710,345631,56.81516,-134.6252,56.8432,-134.62482,702.2592,59,1.9,9,,02,01,07,01,17
2025,603,2,710,36979,Kraken,8/1/2025 8:53,14,1125,13,78,40,21,1,13,710,345631,56.81516,-134.6252,56.8432,-134.62482,702.2592,62,2.5,10,,02,02,07,01,18
2025,603,2,710,36979,Kraken,8/1/2025 8:53,14,1125,13,78,40,21,1,13,710,345631,56.81516,-134.6252,56.8432,-134.62482,702.2592,66,3,12,,03,02,07,01,19
2025,603,2,710,36979,Kraken,8/1/2025 8:53,14,1125,13,78,40,21,1,13,710,345631,56.81516,-134.6252,56.8432,-134.62482,702.2592,77,4,9,,02,02,07,01,20
2025,603,2,710,36979,Kraken,8/1/2025 8:53,14,1125,13,78,40,21,1,13,710,345631,56.81516,-134.6252,56.8432,-134.62482,702.2592,67,3.2,7,,02,02,07,01,21
2025,603,2,710,36979,Kraken,8/1/2025 8:53,14,1125,13,78,40,21,1,13,710,345631,56.81516,-134.6252,56.8432,-134.62482,702.2592,76,4.6,12,,02,02,07,01,46
2025,603,2,710,36979,Kraken,8/1/2025 8:53,14,1125,13,78,40,21,1,13,710,345631,56.81516,-134.6252,56.8432,-134.62482,702.2592,,,8,,03,02,01,01,47
2025,603,2,710,36979,Kraken,8/1/2025 14:33,14,1125,13,78,40,21,2,10,710,345631,56.7809,-134.5321,56.8068,-134.532,704.088,64,2.9,9,,01,01,07,01,1
2025,603,2,710,36979,Kraken,8/1/2025 14:33,14,1125,13,78,40,21,2,10,710,345631,56.7809,-134.5321,56.8068,-134.532,704.088,58,2.1,6,,02,02,01,01,3
2025,603,2,710,36979,Kraken,8/1/2025 14:33,14,1125,13,78,40,21,2,10,710,345631,56.7809,-134.5321,56.8068,-134.532,704.088,56,2,7,,02,01,01,01,4
2025,603,2,710,36979,Kraken,8/1/2025 14:33,14,1125,13,78,40,21,2,10,710,345631,56.7809,-134.5321,56.8068,-134.532,704.088,63,2.5,9,,02,01,07,04,5
2025,603,2,710,36979,Kraken,8/1/2025 14:33,14,1125,13,78,40,21,2,10,710,345631,56.7809,-134.5321,56.8068,-134.532,704.088,59,2,7,,02,01,07,01,6
2025,603,2,710,36979,Kraken,8/1/2025 14:33,14,1125,13,78,40,21,2,10,710,345631,56.7809,-134.5321,56.8068,-134.532,704.088,64,3,6,,01,01,07,01,7
2025,603,2,710,36979,Kraken,8/1/2025 14:33,14,1125,13,78,40,21,2,10,710,345631,56.7809,-134.5321,56.8068,-134.532,704.088,59,2.3,13,,02,01,07,01,8
2025,603,2,710,36979,Kraken,8/1/2025 14:33,14,1125,13,78,40,21,2,10,710,345631,56.7809,-134.5321,56.8068,-134.532,704.088,65,3,12,,02,02,07,01,9
2025,603,2,710,36979,Kraken,8/1/2025 14:33,14,1125,13,78,40,21,2,10,710,345631,56.7809,-134.5321,56.8068,-134.532,704.088,60,2.1,11,,02,01,07,01,10
2025,603,2,710,36979,Kraken,8/1/2025 14:33,14,1125,13,78,40,21,2,10,710,345631,56.7809,-134.5321,56.8068,-134.532,704.088,66,2.9,8,,02,02,07,01,11
2025,603,2,710,36979,Kraken,8/1/2025 14:33,14,1125,13,78,40,21,2,10,710,345631,56.7809,-134.5321,56.8068,-134.532,704.088,76,4.1,10,,02,02,07,01,12
2025,603,2,710,36979,Kraken,8/1/2025 14:33,14,1125,13,78,40,21,2,10,710,345631,56.7809,-134.5321,56.8068,-134.532,704.088,67,3.2,6,,02,02,07,01,13
2025,603,2,710,36979,Kraken,8/1/2025 14:33,14,1125,13,78,40,21,2,10,710,345631,56.7809,-134.5321,56.8068,-134.532,704.088,58,2,10,,02,01,07,01,14
2025,603,2,710,36979,Kraken,8/1/2025 14:33,14,1125,13,78,40,21,2,10,710,345631,56.7809,-134.5321,56.8068,-134.532,704.088,56,1.6,5,,02,01,07,01,15
2025,603,2,710,36979,Kraken,8/1/2025 14:33,14,1125,13,78,40,21,2,10,710,345631,56.7809,-134.5321,56.8068,-134.532,704.088,63,2.7,6,,02,01,07,01,16
2025,603,2,710,36979,Kraken,8/1/2025 14:33,14,1125,13,78,40,21,2,10,710,345631,56.7809,-134.5321,56.8068,-134.532,704.088,67,3,6,,02,02,07,01,17
2025,603,2,710,36979,Kraken,8/1/2025 14:33,14,1125,13,78,40,21,2,10,710,345631,56.7809,-134.5321,56.8068,-134.532,704.088,62,2.2,9,,02,02,07,01,18
2025,603,2,710,36979,Kraken,8/1/2025 14:33,14,1125,13,78,40,21,2,10,710,345631,56.7809,-134.5321,56.8068,-134.532,704.088,55,1.6,6,,01,01,01,01,19
2025,603,2,710,36979,Kraken,8/1/2025 14:33,14,1125,13,78,40,21,2,10,710,345631,56.7809,-134.5321,56.8068,-134.532,704.088,58,1.9,5,,02,01,07,01,20
2025,603,2,710,36979,Kraken,8/1/2025 14:33,14,1125,13,78,40,21,2,10,710,345631,56.7809,-134.5321,56.8068,-134.532,704.088,50,1.1,4,,02,01,01,01,21
2025,603,2,710,36979,Kraken,8/1/2025 18:58,14,1125,13,78,40,21,3,9,710,345631,56.7331,-134.474,56.7579,-134.4852,652.8816,69,2.9,9,,02,02,07,01,1
2025,603,2,710,36979,Kraken,8/1/2025 18:58,14,1125,13,78,40,21,3,9,710,345631,56.7331,-134.474,56.7579,-134.4852,652.8816,57,2,8,,01,01,07,04,2
2025,603,2,710,36979,Kraken,8/1/2025 18:58,14,1125,13,78,40,21,3,9,710,345631,56.7331,-134.474,56.7579,-134.4852,652.8816,52,1.3,5,,03,02,01,01,3
2025,603,2,710,36979,Kraken,8/1/2025 18:58,14,1125,13,78,40,21,3,9,710,345631,56.7331,-134.474,56.7579,-134.4852,652.8816,60,1.9,7,,01,01,07,01,4
2025,603,2,710,36979,Kraken,8/1/2025 18:58,14,1125,13,78,40,21,3,9,710,345631,56.7331,-134.474,56.7579,-134.4852,652.8816,61,2.1,6,,02,02,01,01,5
2025,603,2,710,36979,Kraken,8/1/2025 18:58,14,1125,13,78,40,21,3,9,710,345631,56.7331,-134.474,56.7579,-134.4852,652.8816,69,3.5,8,,03,02,07,01,6
2025,603,2,710,36979,Kraken,8/1/2025 18:58,14,1125,13,78,40,21,3,9,710,345631,56.7331,-134.474,56.7579,-134.4852,652.8816,86,7.1,19,,03,02,07,01,7
2025,603,2,710,36979,Kraken,8/1/2025 18:58,14,1125,13,78,40,21,3,9,710,345631,56.7331,-134.474,56.7579,-134.4852,652.8816,56,1.9,9,,03,01,07,01,8
2025,603,2,710,36979,Kraken,8/1/2025 18:58,14,1125,13,78,40,21,3,9,710,345631,56.7331,-134.474,56.7579,-134.4852,652.8816,63,2.5,6,,03,02,07,01,10
2025,603,2,710,36979,Kraken,8/1/2025 18:58,14,1125,13,78,40,21,3,9,710,345631,56.7331,-134.474,56.7579,-134.4852,652.8816,60,2,9,,02,01,07,01,11
2025,603,2,710,36979,Kraken,8/1/2025 18:58,14,1125,13,78,40,21,3,9,710,345631,56.7331,-134.474,56.7579,-134.4852,652.8816,68,3,9,,03,02,07,01,12
2025,603,2,710,36979,Kraken,8/1/2025 18:58,14,1125,13,78,40,21,3,9,710,345631,56.7331,-134.474,56.7579,-134.4852,652.8816,67,3.1,9,,02,02,07,01,13
2025,603,2,710,36979,Kraken,8/1/2025 18:58,14,1125,13,78,40,21,3,9,710,345631,56.7331,-134.474,56.7579,-134.4852,652.8816,57,1.7,6,,01,02,01,01,14
2025,603,2,710,36979,Kraken,8/1/2025 18:58,14,1125,13,78,40,21,3,9,710,345631,56.7331,-134.474,56.7579,-134.4852,652.8816,61,2.2,8,,03,02,07,01,15
2025,603,2,710,36979,Kraken,8/1/2025 18:58,14,1125,13,78,40,21,3,9,710,345631,56.7331,-134.474,56.7579,-134.4852,652.8816,66,3,6,,02,02,07,01,16
2025,603,2,710,36979,Kraken,8/1/2025 18:58,14,1125,13,78,40,21,3,9,710,345631,56.7331,-134.474,56.7579,-134.4852,652.8816,62,2.6,7,,02,01,07,01,17
2025,603,2,710,36979,Kraken,8/1/2025 18:58,14,1125,13,78,40,21,3,9,710,345631,56.7331,-134.474,56.7579,-134.4852,652.8816,59,2.1,7,,03,02,01,01,18
2025,603,2,710,36979,Kraken,8/2/2025 9:47,14,1125,13,78,40,21,4,15,710,345631,56.8784,-134.6426,56.9067,-134.6399,660.1968,56,1.6,5,,02,02,01,01,1
2025,603,2,710,36979,Kraken,8/2/2025 9:47,14,1125,13,78,40,21,4,15,710,345631,56.8784,-134.6426,56.9067,-134.6399,660.1968,64,2.4,9,,03,02,07,01,2
2025,603,2,710,36979,Kraken,8/2/2025 9:47,14,1125,13,78,40,21,4,15,710,345631,56.8784,-134.6426,56.9067,-134.6399,660.1968,55,1.7,6,,02,02,01,01,3
2025,603,2,710,36979,Kraken,8/2/2025 9:47,14,1125,13,78,40,21,4,15,710,345631,56.8784,-134.6426,56.9067,-134.6399,660.1968,66,2.7,8,,02,01,07,01,4
2025,603,2,710,36979,Kraken,8/2/2025 9:47,14,1125,13,78,40,21,4,15,710,345631,56.8784,-134.6426,56.9067,-134.6399,660.1968,60,2.7,5,,02,02,07,01,5
2025,603,2,710,36979,Kraken,8/2/2025 9:47,14,1125,13,78,40,21,4,15,710,345631,56.8784,-134.6426,56.9067,-134.6399,660.1968,65,3.1,9,,02,02,07,01,6
2025,603,2,710,36979,Kraken,8/2/2025 9:47,14,1125,13,78,40,21,4,15,710,345631,56.8784,-134.6426,56.9067,-134.6399,660.1968,76,4.9,9,,02,02,07,01,7
2025,603,2,710,36979,Kraken,8/2/2025 9:47,14,1125,13,78,40,21,4,15,710,345631,56.8784,-134.6426,56.9067,-134.6399,660.1968,58,1.9,6,,01,02,01,01,8
2025,603,2,710,36979,Kraken,8/2/2025 9:47,14,1125,13,78,40,21,4,15,710,345631,56.8784,-134.6426,56.9067,-134.6399,660.1968,60,2.6,8,,02,01,07,01,9
2025,603,2,710,36979,Kraken,8/2/2025 9:47,14,1125,13,78,40,21,4,15,710,345631,56.8784,-134.6426,56.9067,-134.6399,660.1968,56,1.7,10,,02,01,01,01,10
2025,603,2,710,36979,Kraken,8/2/2025 9:47,14,1125,13,78,40,21,4,15,710,345631,56.8784,-134.6426,56.9067,-134.6399,660.1968,69,3.1,22,,03,01,07,01,11
2025,603,2,710,36979,Kraken,8/2/2025 9:47,14,1125,13,78,40,21,4,15,710,345631,56.8784,-134.6426,56.9067,-134.6399,660.1968,70,3.6,12,,03,02,07,01,12
2025,603,2,710,36979,Kraken,8/2/2025 9:47,14,1125,13,78,40,21,4,15,710,345631,56.8784,-134.6426,56.9067,-134.6399,660.1968,69,3.1,8,,02,02,07,04,13
2025,603,2,710,36979,Kraken,8/2/2025 9:47,14,1125,13,78,40,21,4,15,710,345631,56.8784,-134.6426,56.9067,-134.6399,660.1968,78,4.5,9,,02,02,07,01,14
2025,603,2,710,36979,Kraken,8/2/2025 9:47,14,1125,13,78,40,21,4,15,710,345631,56.8784,-134.6426,56.9067,-134.6399,660.1968,57,1.8,6,,02,01,07,01,15
2025,603,2,710,36979,Kraken,8/2/2025 9:47,14,1125,13,78,40,21,4,15,710,345631,56.8784,-134.6426,56.9067,-134.6399,660.1968,58,1.9,6,,02,01,07,01,16
2025,603,2,710,36979,Kraken,8/2/2025 9:47,14,1125,13,78,40,21,4,15,710,345631,56.8784,-134.6426,56.9067,-134.6399,660.1968,57,1.7,6,,01,01,07,01,17
2025,603,2,710,36979,Kraken,8/2/2025 9:47,14,1125,13,78,40,21,4,15,710,345631,56.8784,-134.6426,56.9067,-134.6399,660.1968,62,2.3,14,,02,01,07,01,18
2025,603,2,710,36979,Kraken,8/2/2025 15:29,14,1125,13,78,40,21,5,16,710,345631,56.88,-134.5631,56.9072,-134.5632,656.5392,62,2.5,6,,03,01,07,01,1
2025,603,2,710,36979,Kraken,8/2/2025 15:29,14,1125,13,78,40,21,5,16,710,345631,56.88,-134.5631,56.9072,-134.5632,656.5392,77,5,10,,03,02,07,01,2
2025,603,2,710,36979,Kraken,8/2/2025 15:29,14,1125,13,78,40,21,5,16,710,345631,56.88,-134.5631,56.9072,-134.5632,656.5392,66,2.8,8,,02,02,07,01,3
2025,603,2,710,36979,Kraken,8/2/2025 15:29,14,1125,13,78,40,21,5,16,710,345631,56.88,-134.5631,56.9072,-134.5632,656.5392,57,2,7,,01,01,07,01,4
2025,603,2,710,36979,Kraken,8/2/2025 15:29,14,1125,13,78,40,21,5,16,710,345631,56.88,-134.5631,56.9072,-134.5632,656.5392,61,2.5,9,,03,01,07,01,5
2025,603,2,710,36979,Kraken,8/2/2025 15:29,14,1125,13,78,40,21,5,16,710,345631,56.88,-134.5631,56.9072,-134.5632,656.5392,56,1.7,7,,02,02,01,01,6
2025,603,2,710,36979,Kraken,8/2/2025 15:29,14,1125,13,78,40,21,5,16,710,345631,56.88,-134.5631,56.9072,-134.5632,656.5392,62,2.4,7,,02,02,01,01,7
2025,603,2,710,36979,Kraken,8/2/2025 15:29,14,1125,13,78,40,21,5,16,710,345631,56.88,-134.5631,56.9072,-134.5632,656.5392,57,1.9,4,,01,01,07,04,8
2025,603,2,710,36979,Kraken,8/2/2025 15:29,14,1125,13,78,40,21,5,16,710,345631,56.88,-134.5631,56.9072,-134.5632,656.5392,58,2.1,16,,03,01,07,03,9
2025,603,2,710,36979,Kraken,8/2/2025 15:29,14,1125,13,78,40,21,5,16,710,345631,56.88,-134.5631,56.9072,-134.5632,656.5392,70,3.5,9,,02,02,07,01,10
2025,603,2,710,36979,Kraken,8/2/2025 15:29,14,1125,13,78,40,21,5,16,710,345631,56.88,-134.5631,56.9072,-134.5632,656.5392,60,2.6,7,,02,02,01,01,11
2025,603,2,710,36979,Kraken,8/2/2025 15:29,14,1125,13,78,40,21,5,16,710,345631,56.88,-134.5631,56.9072,-134.5632,656.5392,56,1.8,7,,01,01,01,01,12
2025,603,2,710,36979,Kraken,8/2/2025 15:29,14,1125,13,78,40,21,5,16,710,345631,56.88,-134.5631,56.9072,-134.5632,656.5392,58,1.9,8,,02,01,01,03,13
2025,603,2,710,36979,Kraken,8/2/2025 15:29,14,1125,13,78,40,21,5,16,710,345631,56.88,-134.5631,56.9072,-134.5632,656.5392,63,2.7,9,,02,01,07,01,14
2025,603,2,710,36979,Kraken,8/2/2025 15:29,14,1125,13,78,40,21,5,16,710,345631,56.88,-134.5631,56.9072,-134.5632,656.5392,78,5.19,20,,01,02,07,03,15
2025,603,2,710,36979,Kraken,8/2/2025 19:22,14,1125,13,78,40,21,6,18,710,345701,57.0371,-134.7111,57.0138,-134.7105,632.7648,69,3.2,6,,01,02,07,01,1
2025,603,2,710,36979,Kraken,8/2/2025 19:22,14,1125,13,78,40,21,6,18,710,345701,57.0371,-134.7111,57.0138,-134.7105,632.7648,64,2.6,8,,02,02,07,01,2
2025,603,2,710,36979,Kraken,8/2/2025 19:22,14,1125,13,78,40,21,6,18,710,345701,57.0371,-134.7111,57.0138,-134.7105,632.7648,67,3.3,9,,02,02,07,01,3
2025,603,2,710,36979,Kraken,8/2/2025 19:22,14,1125,13,78,40,21,6,18,710,345701,57.0371,-134.7111,57.0138,-134.7105,632.7648,70,3.6,9,,02,02,07,01,4
2025,603,2,710,36979,Kraken,8/2/2025 19:22,14,1125,13,78,40,21,6,18,710,345701,57.0371,-134.7111,57.0138,-134.7105,632.7648,67,3.5,9,,02,02,07,01,5
2025,603,2,710,36979,Kraken,8/2/2025 19:22,14,1125,13,78,40,21,6,18,710,345701,57.0371,-134.7111,57.0138,-134.7105,632.7648,68,3.3,11,,02,02,07,01,6
2025,603,2,710,36979,Kraken,8/2/2025 19:22,14,1125,13,78,40,21,6,18,710,345701,57.0371,-134.7111,57.0138,-134.7105,632.7648,66,3.1,11,,02,01,07,01,7
2025,603,2,710,36979,Kraken,8/2/2025 19:22,14,1125,13,78,40,21,6,18,710,345701,57.0371,-134.7111,57.0138,-134.7105,632.7648,71,3.7,9,,01,02,07,01,8
2025,603,2,710,36979,Kraken,8/2/2025 19:22,14,1125,13,78,40,21,6,18,710,345701,57.0371,-134.7111,57.0138,-134.7105,632.7648,69,3.5,11,,02,02,07,01,9
2025,603,2,710,36979,Kraken,8/2/2025 19:22,14,1125,13,78,40,21,6,18,710,345701,57.0371,-134.7111,57.0138,-134.7105,632.7648,69,3.3,9,,02,02,07,01,10
2025,603,2,710,36979,Kraken,8/2/2025 19:22,14,1125,13,78,40,21,6,18,710,345701,57.0371,-134.7111,57.0138,-134.7105,632.7648,61,2.5,10,,02,02,07,01,11
2025,603,2,710,36979,Kraken,8/2/2025 19:22,14,1125,13,78,40,21,6,18,710,345701,57.0371,-134.7111,57.0138,-134.7105,632.7648,60,2,5,,01,02,01,01,12
2025,603,2,710,36979,Kraken,8/2/2025 19:22,14,1125,13,78,40,21,6,18,710,345701,57.0371,-134.7111,57.0138,-134.7105,632.7648,63,2.6,10,,02,01,07,01,13
2025,603,2,710,36979,Kraken,8/2/2025 19:22,14,1125,13,78,40,21,6,18,710,345701,57.0371,-134.7111,57.0138,-134.7105,632.7648,60,2.3,4,,01,02,01,01,14
2025,603,2,710,36979,Kraken,8/2/2025 19:22,14,1125,13,78,40,21,6,18,710,345701,57.0371,-134.7111,57.0138,-134.7105,632.7648,60,2.5,6,,01,02,07,01,15
2025,603,2,710,36979,Kraken,8/3/2025 9:01,14,1125,13,78,40,21,7,19,710,345701,57.0219,-134.7327,57.0498,-134.7326,632.7648,65,2.5,7,,02,02,07,01,1
2025,603,2,710,36979,Kraken,8/3/2025 9:01,14,1125,13,78,40,21,7,19,710,345701,57.0219,-134.7327,57.0498,-134.7326,632.7648,56,1.7,6,,01,01,01,01,2
2025,603,2,710,36979,Kraken,8/3/2025 9:01,14,1125,13,78,40,21,7,19,710,345701,57.0219,-134.7327,57.0498,-134.7326,632.7648,63,2.7,8,,03,01,07,04,3
2025,603,2,710,36979,Kraken,8/3/2025 9:01,14,1125,13,78,40,21,7,19,710,345701,57.0219,-134.7327,57.0498,-134.7326,632.7648,58,2.1,6,,02,01,01,01,4
2025,603,2,710,36979,Kraken,8/3/2025 9:01,14,1125,13,78,40,21,7,19,710,345701,57.0219,-134.7327,57.0498,-134.7326,632.7648,57,2.2,10,,02,01,07,01,5
2025,603,2,710,36979,Kraken,8/3/2025 9:01,14,1125,13,78,40,21,7,19,710,345701,57.0219,-134.7327,57.0498,-134.7326,632.7648,72,3.7,9,,02,02,07,01,6
2025,603,2,710,36979,Kraken,8/3/2025 9:01,14,1125,13,78,40,21,7,19,710,345701,57.0219,-134.7327,57.0498,-134.7326,632.7648,63,2.7,9,,01,02,07,01,8
2025,603,2,710,36979,Kraken,8/3/2025 9:01,14,1125,13,78,40,21,7,19,710,345701,57.0219,-134.7327,57.0498,-134.7326,632.7648,62,2.3,7,,01,02,01,01,9
2025,603,2,710,36979,Kraken,8/3/2025 9:01,14,1125,13,78,40,21,7,19,710,345701,57.0219,-134.7327,57.0498,-134.7326,632.7648,71,4,11,,02,02,07,01,10
2025,603,2,710,36979,Kraken,8/3/2025 9:01,14,1125,13,78,40,21,7,19,710,345701,57.0219,-134.7327,57.0498,-134.7326,632.7648,62,2.3,8,,02,01,07,04,11
2025,603,2,710,36979,Kraken,8/3/2025 9:01,14,1125,13,78,40,21,7,19,710,345701,57.0219,-134.7327,57.0498,-134.7326,632.7648,65,2.5,10,,03,01,07,01,12
2025,603,2,710,36979,Kraken,8/3/2025 9:01,14,1125,13,78,40,21,7,19,710,345701,57.0219,-134.7327,57.0498,-134.7326,632.7648,73,4,9,,02,02,07,01,13
2025,603,2,710,36979,Kraken,8/3/2025 9:01,14,1125,13,78,40,21,7,19,710,345701,57.0219,-134.7327,57.0498,-134.7326,632.7648,71,4.1,10,,02,02,07,01,14
2025,603,2,710,36979,Kraken,8/3/2025 9:01,14,1125,13,78,40,21,7,19,710,345701,57.0219,-134.7327,57.0498,-134.7326,632.7648,69,3.7,9,,02,02,07,01,15
2025,603,2,710,36979,Kraken,8/3/2025 12:39,14,1125,13,78,40,21,8,21,710,345701,57.0988,-134.702,57.1276,-134.7006,632.7648,59,2.1,7,,01,02,01,01,1
2025,603,2,710,36979,Kraken,8/3/2025 12:39,14,1125,13,78,40,21,8,21,710,345701,57.0988,-134.702,57.1276,-134.7006,632.7648,59,2.3,9,,02,01,07,01,2
2025,603,2,710,36979,Kraken,8/3/2025 12:39,14,1125,13,78,40,21,8,21,710,345701,57.0988,-134.702,57.1276,-134.7006,632.7648,63,2.5,9,,01,01,07,04,3
2025,603,2,710,36979,Kraken,8/3/2025 12:39,14,1125,13,78,40,21,8,21,710,345701,57.0988,-134.702,57.1276,-134.7006,632.7648,63,2.8,10,,02,01,07,01,5
2025,603,2,710,36979,Kraken,8/3/2025 12:39,14,1125,13,78,40,21,8,21,710,345701,57.0988,-134.702,57.1276,-134.7006,632.7648,58,1.9,6,,01,02,01,01,6
2025,603,2,710,36979,Kraken,8/3/2025 12:39,14,1125,13,78,40,21,8,21,710,345701,57.0988,-134.702,57.1276,-134.7006,632.7648,70,3.6,9,,02,02,07,01,7
2025,603,2,710,36979,Kraken,8/3/2025 12:39,14,1125,13,78,40,21,8,21,710,345701,57.0988,-134.702,57.1276,-134.7006,632.7648,66,2.8,10,,01,02,07,01,8
2025,603,2,710,36979,Kraken,8/3/2025 12:39,14,1125,13,78,40,21,8,21,710,345701,57.0988,-134.702,57.1276,-134.7006,632.7648,71,4,8,,02,02,07,01,9
2025,603,2,710,36979,Kraken,8/3/2025 12:39,14,1125,13,78,40,21,8,21,710,345701,57.0988,-134.702,57.1276,-134.7006,632.7648,62,2.5,7,,02,02,07,01,10
2025,603,2,710,36979,Kraken,8/3/2025 12:39,14,1125,13,78,40,21,8,21,710,345701,57.0988,-134.702,57.1276,-134.7006,632.7648,62,2.6,6,,01,02,07,04,11
2025,603,2,710,36979,Kraken,8/3/2025 12:39,14,1125,13,78,40,21,8,21,710,345701,57.0988,-134.702,57.1276,-134.7006,632.7648,60,2.6,8,,02,02,07,01,12
2025,603,2,710,36979,Kraken,8/3/2025 12:39,14,1125,13,78,40,21,8,21,710,345701,57.0988,-134.702,57.1276,-134.7006,632.7648,59,2.1,6,,02,01,07,01,13
2025,603,2,710,36979,Kraken,8/3/2025 12:39,14,1125,13,78,40,21,8,21,710,345701,57.0988,-134.702,57.1276,-134.7006,632.7648,64,2.8,6,,02,02,07,01,14
2025,603,2,710,36979,Kraken,8/3/2025 12:39,14,1125,13,78,40,21,8,21,710,345701,57.0988,-134.702,57.1276,-134.7006,632.7648,56,1.9,9,,03,01,07,01,15
2025,603,2,710,36979,Kraken,8/3/2025 12:39,14,1125,13,78,40,21,8,21,710,345701,57.0988,-134.702,57.1276,-134.7006,632.7648,67,3.6,14,,02,02,07,01,16
2025,603,2,710,36979,Kraken,8/3/2025 12:39,14,1125,13,78,40,21,8,21,710,345701,57.0988,-134.702,57.1276,-134.7006,632.7648,67,3.3,9,,02,02,07,01,17
2025,603,2,710,36979,Kraken,8/3/2025 12:39,14,1125,13,78,40,21,8,21,710,345701,57.0988,-134.702,57.1276,-134.7006,632.7648,74,3.8,13,,02,02,07,01,18
2025,603,2,710,36979,Kraken,8/4/2025 10:01,14,1125,13,78,40,21,9,23,710,345701,57.1898,-134.698,57.2151,-134.6834,779.0688,63,3.1,9,,02,01,07,01,1
2025,603,2,710,36979,Kraken,8/4/2025 10:01,14,1125,13,78,40,21,9,23,710,345701,57.1898,-134.698,57.2151,-134.6834,779.0688,84,6.1,28,,03,02,07,01,2
2025,603,2,710,36979,Kraken,8/4/2025 10:01,14,1125,13,78,40,21,9,23,710,345701,57.1898,-134.698,57.2151,-134.6834,779.0688,71,3.6,7,,02,02,07,01,3
2025,603,2,710,36979,Kraken,8/4/2025 10:01,14,1125,13,78,40,21,9,23,710,345701,57.1898,-134.698,57.2151,-134.6834,779.0688,63,2.6,9,,02,02,07,01,4
2025,603,2,710,36979,Kraken,8/4/2025 10:01,14,1125,13,78,40,21,9,23,710,345701,57.1898,-134.698,57.2151,-134.6834,779.0688,57,2.3,7,,01,01,07,01,5
2025,603,2,710,36979,Kraken,8/4/2025 10:01,14,1125,13,78,40,21,9,23,710,345701,57.1898,-134.698,57.2151,-134.6834,779.0688,59,2.3,7,,03,01,01,01,6
2025,603,2,710,36979,Kraken,8/4/2025 10:01,14,1125,13,78,40,21,9,23,710,345701,57.1898,-134.698,57.2151,-134.6834,779.0688,77,3.8,9,,02,02,07,01,7
2025,603,2,710,36979,Kraken,8/4/2025 10:01,14,1125,13,78,40,21,9,23,710,345701,57.1898,-134.698,57.2151,-134.6834,779.0688,59,2.1,6,,02,01,07,01,8
2025,603,2,710,36979,Kraken,8/4/2025 10:01,14,1125,13,78,40,21,9,23,710,345701,57.1898,-134.698,57.2151,-134.6834,779.0688,59,2.2,9,,02,01,07,01,9
2025,603,2,710,36979,Kraken,8/4/2025 10:01,14,1125,13,78,40,21,9,23,710,345701,57.1898,-134.698,57.2151,-134.6834,779.0688,56,1.8,3,,01,01,01,01,10
2025,603,2,710,36979,Kraken,8/4/2025 10:01,14,1125,13,78,40,21,9,23,710,345701,57.1898,-134.698,57.2151,-134.6834,779.0688,70,3.7,23,,03,02,07,01,11
2025,603,2,710,36979,Kraken,8/4/2025 10:01,14,1125,13,78,40,21,9,23,710,345701,57.1898,-134.698,57.2151,-134.6834,779.0688,64,2.6,9,,02,02,07,01,12
2025,603,2,710,36979,Kraken,8/4/2025 10:01,14,1125,13,78,40,21,9,23,710,345701,57.1898,-134.698,57.2151,-134.6834,779.0688,56,1.9,7,,02,02,01,01,13
2025,603,2,710,36979,Kraken,8/4/2025 14:26,14,1125,13,78,40,21,10,22,710,345701,57.1684,-134.7905,57.1948,-134.809,581.5584,67,3,8,,01,02,07,01,1
2025,603,2,710,36979,Kraken,8/4/2025 14:26,14,1125,13,78,40,21,10,22,710,345701,57.1684,-134.7905,57.1948,-134.809,581.5584,60,2.2,6,,03,01,07,01,2
2025,603,2,710,36979,Kraken,8/4/2025 14:26,14,1125,13,78,40,21,10,22,710,345701,57.1684,-134.7905,57.1948,-134.809,581.5584,61,2.3,6,,01,01,07,01,3
2025,603,2,710,36979,Kraken,8/4/2025 14:26,14,1125,13,78,40,21,10,22,710,345701,57.1684,-134.7905,57.1948,-134.809,581.5584,59,2.3,6,,02,01,07,01,4
2025,603,2,710,36979,Kraken,8/4/2025 14:26,14,1125,13,78,40,21,10,22,710,345701,57.1684,-134.7905,57.1948,-134.809,581.5584,64,2.7,6,,02,01,07,01,5
2025,603,2,710,36979,Kraken,8/4/2025 14:26,14,1125,13,78,40,21,10,22,710,345701,57.1684,-134.7905,57.1948,-134.809,581.5584,64,2.8,6,,01,02,07,01,7
2025,603,2,710,36979,Kraken,8/4/2025 14:26,14,1125,13,78,40,21,10,22,710,345701,57.1684,-134.7905,57.1948,-134.809,581.5584,65,3,5,,01,02,07,01,8
2025,603,2,710,36979,Kraken,8/4/2025 14:26,14,1125,13,78,40,21,10,22,710,345701,57.1684,-134.7905,57.1948,-134.809,581.5584,62,2.7,9,,01,01,07,01,9
2025,603,2,710,36979,Kraken,8/4/2025 14:26,14,1125,13,78,40,21,10,22,710,345701,57.1684,-134.7905,57.1948,-134.809,581.5584,64,2.6,6,,02,02,07,01,10
2025,603,2,710,36979,Kraken,8/4/2025 14:26,14,1125,13,78,40,21,10,22,710,345701,57.1684,-134.7905,57.1948,-134.809,581.5584,55,1.6,6,,03,01,01,01,11
2025,603,2,710,36979,Kraken,8/4/2025 14:26,14,1125,13,78,40,21,10,22,710,345701,57.1684,-134.7905,57.1948,-134.809,581.5584,56,1.9,7,,02,01,07,01,12
2025,603,2,710,36979,Kraken,8/4/2025 14:26,14,1125,13,78,40,21,10,22,710,345701,57.1684,-134.7905,57.1948,-134.809,581.5584,60,2.1,8,,02,01,07,01,13
2025,603,2,710,36979,Kraken,8/4/2025 14:26,14,1125,13,78,40,21,10,22,710,345701,57.1684,-134.7905,57.1948,-134.809,581.5584,66,2.9,8,,02,02,07,04,14
2025,603,2,710,36979,Kraken,8/4/2025 14:26,14,1125,13,78,40,21,10,22,710,345701,57.1684,-134.7905,57.1948,-134.809,581.5584,60,2,5,,02,01,07,02,15
2025,603,2,710,36979,Kraken,8/4/2025 17:37,14,1125,13,78,40,21,11,24,710,345701,57.2598,-134.6735,57.2365,-134.6782,405.9936,60,2.3,5,,02,01,01,01,1
2025,603,2,710,36979,Kraken,8/4/2025 17:37,14,1125,13,78,40,21,11,24,710,345701,57.2598,-134.6735,57.2365,-134.6782,405.9936,64,2.6,7,,01,01,07,01,2
2025,603,2,710,36979,Kraken,8/4/2025 17:37,14,1125,13,78,40,21,11,24,710,345701,57.2598,-134.6735,57.2365,-134.6782,405.9936,66,2.9,7,,02,02,07,01,3
2025,603,2,710,36979,Kraken,8/4/2025 17:37,14,1125,13,78,40,21,11,24,710,345701,57.2598,-134.6735,57.2365,-134.6782,405.9936,64,2.8,10,,02,01,07,01,4
2025,603,2,710,36979,Kraken,8/4/2025 17:37,14,1125,13,78,40,21,11,24,710,345701,57.2598,-134.6735,57.2365,-134.6782,405.9936,67,3.1,9,,03,02,07,01,5
2025,603,2,710,36979,Kraken,8/4/2025 17:37,14,1125,13,78,40,21,11,24,710,345701,57.2598,-134.6735,57.2365,-134.6782,405.9936,64,2.8,4,,03,01,01,01,6
2025,603,2,710,36979,Kraken,8/4/2025 17:37,14,1125,13,78,40,21,11,24,710,345701,57.2598,-134.6735,57.2365,-134.6782,405.9936,64,2.8,6,,02,01,07,01,7
2025,603,2,710,36979,Kraken,8/4/2025 17:37,14,1125,13,78,40,21,11,24,710,345701,57.2598,-134.6735,57.2365,-134.6782,405.9936,67,3.1,8,,01,02,07,04,8
2025,603,2,710,36979,Kraken,8/4/2025 17:37,14,1125,13,78,40,21,11,24,710,345701,57.2598,-134.6735,57.2365,-134.6782,405.9936,62,2.4,6,,02,02,07,01,9
2025,603,2,710,36979,Kraken,8/4/2025 17:37,14,1125,13,78,40,21,11,24,710,345701,57.2598,-134.6735,57.2365,-134.6782,405.9936,62,2.7,8,,02,02,07,01,10
2025,603,2,710,36979,Kraken,8/4/2025 17:37,14,1125,13,78,40,21,11,24,710,345701,57.2598,-134.6735,57.2365,-134.6782,405.9936,59,1.9,3,,02,01,01,02,11
2025,603,2,710,36979,Kraken,8/4/2025 17:37,14,1125,13,78,40,21,11,24,710,345701,57.2598,-134.6735,57.2365,-134.6782,405.9936,68,3.8,9,,02,02,07,01,12
2025,603,2,710,36979,Kraken,8/5/2025 9:41,14,1125,13,78,40,21,12,25,710,345701,57.2755,-134.6648,57.3003,-134.6659,502.92,62,2.5,10,,02,01,07,01,1
2025,603,2,710,36979,Kraken,8/5/2025 9:41,14,1125,13,78,40,21,12,25,710,345701,57.2755,-134.6648,57.3003,-134.6659,502.92,61,2.7,6,,02,02,07,01,2
2025,603,2,710,36979,Kraken,8/5/2025 9:41,14,1125,13,78,40,21,12,25,710,345701,57.2755,-134.6648,57.3003,-134.6659,502.92,63,2.7,7,,02,01,07,01,3
2025,603,2,710,36979,Kraken,8/5/2025 9:41,14,1125,13,78,40,21,12,25,710,345701,57.2755,-134.6648,57.3003,-134.6659,502.92,70,3.8,11,,02,02,07,01,4
2025,603,2,710,36979,Kraken,8/5/2025 9:41,14,1125,13,78,40,21,12,25,710,345701,57.2755,-134.6648,57.3003,-134.6659,502.92,69,3.2,7,,02,02,07,01,5
2025,603,2,710,36979,Kraken,8/5/2025 9:41,14,1125,13,78,40,21,12,25,710,345701,57.2755,-134.6648,57.3003,-134.6659,502.92,62,2.6,10,,02,01,07,01,6
2025,603,2,710,36979,Kraken,8/5/2025 9:41,14,1125,13,78,40,21,12,25,710,345701,57.2755,-134.6648,57.3003,-134.6659,502.92,63,2.6,7,,03,01,07,01,7
2025,603,2,710,36979,Kraken,8/5/2025 9:41,14,1125,13,78,40,21,12,25,710,345701,57.2755,-134.6648,57.3003,-134.6659,502.92,64,2.6,7,,03,02,07,01,8
2025,603,2,710,36979,Kraken,8/5/2025 9:41,14,1125,13,78,40,21,12,25,710,345701,57.2755,-134.6648,57.3003,-134.6659,502.92,62,2.5,9,,02,02,07,01,9
2025,603,2,710,36979,Kraken,8/5/2025 9:41,14,1125,13,78,40,21,12,25,710,345701,57.2755,-134.6648,57.3003,-134.6659,502.92,66,2.9,7,,02,01,07,01,10
2025,603,2,710,36979,Kraken,8/5/2025 9:41,14,1125,13,78,40,21,12,25,710,345701,57.2755,-134.6648,57.3003,-134.6659,502.92,62,2.5,8,,02,02,07,01,11
2025,603,2,710,36979,Kraken,8/5/2025 9:41,14,1125,13,78,40,21,12,25,710,345701,57.2755,-134.6648,57.3003,-134.6659,502.92,64,2.8,7,,01,01,07,01,12
2025,603,2,710,36979,Kraken,8/5/2025 9:41,14,1125,13,78,40,21,12,25,710,345701,57.2755,-134.6648,57.3003,-134.6659,502.92,64,2.9,7,,02,02,07,01,13
2025,603,2,710,36979,Kraken,8/5/2025 9:41,14,1125,13,78,40,21,12,25,710,345701,57.2755,-134.6648,57.3003,-134.6659,502.92,66,3.3,9,,01,02,07,01,14
2025,603,2,710,36979,Kraken,8/5/2025 9:41,14,1125,13,78,40,21,12,25,710,345701,57.2755,-134.6648,57.3003,-134.6659,502.92,65,3,7,,02,02,07,01,15
2025,603,2,710,36979,Kraken,8/5/2025 9:41,14,1125,13,78,40,21,12,25,710,345701,57.2755,-134.6648,57.3003,-134.6659,502.92,92,7.9,14,,02,02,07,01,16
2025,603,2,710,36979,Kraken,8/5/2025 9:41,14,1125,13,78,40,21,12,25,710,345701,57.2755,-134.6648,57.3003,-134.6659,502.92,69,3.4,9,,02,02,07,04,17
2025,603,2,710,36979,Kraken,8/5/2025 13:45,14,1125,13,78,40,21,13,28,710,345701,57.3084,-134.7108,57.3352,-134.7123,517.5504,62,2.6,5,,02,02,01,01,1
2025,603,2,710,36979,Kraken,8/5/2025 13:45,14,1125,13,78,40,21,13,28,710,345701,57.3084,-134.7108,57.3352,-134.7123,517.5504,61,2.6,9,,03,01,07,01,2
2025,603,2,710,36979,Kraken,8/5/2025 13:45,14,1125,13,78,40,21,13,28,710,345701,57.3084,-134.7108,57.3352,-134.7123,517.5504,62,2.5,9,,03,01,07,01,3
2025,603,2,710,36979,Kraken,8/5/2025 13:45,14,1125,13,78,40,21,13,28,710,345701,57.3084,-134.7108,57.3352,-134.7123,517.5504,63,2.4,6,,01,02,07,01,4
2025,603,2,710,36979,Kraken,8/5/2025 13:45,14,1125,13,78,40,21,13,28,710,345701,57.3084,-134.7108,57.3352,-134.7123,517.5504,60,2.4,7,,02,01,07,04,5
2025,603,2,710,36979,Kraken,8/5/2025 13:45,14,1125,13,78,40,21,13,28,710,345701,57.3084,-134.7108,57.3352,-134.7123,517.5504,72,3.6,9,,02,02,07,01,6
2025,603,2,710,36979,Kraken,8/5/2025 13:45,14,1125,13,78,40,21,13,28,710,345701,57.3084,-134.7108,57.3352,-134.7123,517.5504,56,1.6,9,,02,01,01,01,7
2025,603,2,710,36979,Kraken,8/5/2025 13:45,14,1125,13,78,40,21,13,28,710,345701,57.3084,-134.7108,57.3352,-134.7123,517.5504,63,2.5,8,,02,02,07,01,8
2025,603,2,710,36979,Kraken,8/5/2025 13:45,14,1125,13,78,40,21,13,28,710,345701,57.3084,-134.7108,57.3352,-134.7123,517.5504,64,2.6,9,,02,01,07,01,9
2025,603,2,710,36979,Kraken,8/5/2025 13:45,14,1125,13,78,40,21,13,28,710,345701,57.3084,-134.7108,57.3352,-134.7123,517.5504,63,2.6,5,,02,02,07,01,10
2025,603,2,710,36979,Kraken,8/5/2025 13:45,14,1125,13,78,40,21,13,28,710,345701,57.3084,-134.7108,57.3352,-134.7123,517.5504,80,5.3,12,,02,02,07,01,11
2025,603,2,710,36979,Kraken,8/5/2025 13:45,14,1125,13,78,40,21,13,28,710,345701,57.3084,-134.7108,57.3352,-134.7123,517.5504,57,2,9,,02,01,07,01,12
2025,603,2,710,36979,Kraken,8/5/2025 13:45,14,1125,13,78,40,21,13,28,710,345701,57.3084,-134.7108,57.3352,-134.7123,517.5504,57,2,8,,02,02,01,01,13
2025,603,2,710,36979,Kraken,8/5/2025 16:42,14,1125,13,78,40,21,14,27,710,345701,57.3388,-134.7464,57.3134,-134.7464,698.6016,67,3.1,10,,02,02,07,01,1
2025,603,2,710,36979,Kraken,8/5/2025 16:42,14,1125,13,78,40,21,14,27,710,345701,57.3388,-134.7464,57.3134,-134.7464,698.6016,58,2,7,,02,01,01,01,2
2025,603,2,710,36979,Kraken,8/5/2025 16:42,14,1125,13,78,40,21,14,27,710,345701,57.3388,-134.7464,57.3134,-134.7464,698.6016,64,2.9,12,,01,02,07,01,3
2025,603,2,710,36979,Kraken,8/5/2025 16:42,14,1125,13,78,40,21,14,27,710,345701,57.3388,-134.7464,57.3134,-134.7464,698.6016,64,2.8,9,,02,02,07,01,4
2025,603,2,710,36979,Kraken,8/5/2025 16:42,14,1125,13,78,40,21,14,27,710,345701,57.3388,-134.7464,57.3134,-134.7464,698.6016,56,2,9,,02,02,01,01,5
2025,603,2,710,36979,Kraken,8/5/2025 16:42,14,1125,13,78,40,21,14,27,710,345701,57.3388,-134.7464,57.3134,-134.7464,698.6016,62,2.5,6,,02,02,07,01,6
2025,603,2,710,36979,Kraken,8/5/2025 16:42,14,1125,13,78,40,21,14,27,710,345701,57.3388,-134.7464,57.3134,-134.7464,698.6016,57,1.9,9,,02,01,07,01,7
2025,603,2,710,36979,Kraken,8/5/2025 16:42,14,1125,13,78,40,21,14,27,710,345701,57.3388,-134.7464,57.3134,-134.7464,698.6016,60,2.3,6,,01,02,07,01,8
2025,603,2,710,36979,Kraken,8/5/2025 16:42,14,1125,13,78,40,21,14,27,710,345701,57.3388,-134.7464,57.3134,-134.7464,698.6016,58,1.9,7,,01,02,07,01,9
2025,603,2,710,36979,Kraken,8/5/2025 16:42,14,1125,13,78,40,21,14,27,710,345701,57.3388,-134.7464,57.3134,-134.7464,698.6016,60,2.4,6,,02,01,07,01,10
2025,603,2,710,36979,Kraken,8/5/2025 16:42,14,1125,13,78,40,21,14,27,710,345701,57.3388,-134.7464,57.3134,-134.7464,698.6016,77,4.5,11,,02,02,07,01,11
2025,603,2,710,36979,Kraken,8/5/2025 16:42,14,1125,13,78,40,21,14,27,710,345701,57.3388,-134.7464,57.3134,-134.7464,698.6016,60,2.2,6,,01,02,07,01,12
2025,603,2,710,36979,Kraken,8/5/2025 16:42,14,1125,13,78,40,21,14,27,710,345701,57.3388,-134.7464,57.3134,-134.7464,698.6016,56,1.7,8,,02,02,01,04,13
2025,603,2,710,36979,Kraken,8/5/2025 16:42,14,1125,13,78,40,21,14,27,710,345701,57.3388,-134.7464,57.3134,-134.7464,698.6016,76,5.6,20,,02,02,07,01,14
2025,603,3,710,39912,North Light,8/1/2025 8:49,14,1125,13,78,20,21,1,45,710,345731,57.7889,-134.83535,57.76703,-134.83671,534.0096,57,2.1,7,,01,01,07,01,1
2025,603,3,710,39912,North Light,8/1/2025 8:49,14,1125,13,78,20,21,1,45,710,345731,57.7889,-134.83535,57.76703,-134.83671,534.0096,59,2.3,10,,03,01,07,01,2
2025,603,3,710,39912,North Light,8/1/2025 8:49,14,1125,13,78,20,21,1,45,710,345731,57.7889,-134.83535,57.76703,-134.83671,534.0096,69,3.9,10,,02,02,07,01,3
2025,603,3,710,39912,North Light,8/1/2025 8:49,14,1125,13,78,20,21,1,45,710,345731,57.7889,-134.83535,57.76703,-134.83671,534.0096,57,1.9,8,,01,02,01,01,5
2025,603,3,710,39912,North Light,8/1/2025 8:49,14,1125,13,78,20,21,1,45,710,345731,57.7889,-134.83535,57.76703,-134.83671,534.0096,62,2.9,9,,02,02,07,01,6
2025,603,3,710,39912,North Light,8/1/2025 8:49,14,1125,13,78,20,21,1,45,710,345731,57.7889,-134.83535,57.76703,-134.83671,534.0096,61,2.6,10,,02,01,07,01,7
2025,603,3,710,39912,North Light,8/1/2025 8:49,14,1125,13,78,20,21,1,45,710,345731,57.7889,-134.83535,57.76703,-134.83671,534.0096,65,3.2,9,,02,01,07,01,8
2025,603,3,710,39912,North Light,8/1/2025 8:49,14,1125,13,78,20,21,1,45,710,345731,57.7889,-134.83535,57.76703,-134.83671,534.0096,60,2.5,8,,02,02,07,01,9
2025,603,3,710,39912,North Light,8/1/2025 8:49,14,1125,13,78,20,21,1,45,710,345731,57.7889,-134.83535,57.76703,-134.83671,534.0096,54,1.7,6,,01,01,01,01,11
2025,603,3,710,39912,North Light,8/1/2025 8:49,14,1125,13,78,20,21,1,45,710,345731,57.7889,-134.83535,57.76703,-134.83671,534.0096,61,2.6,9,,02,02,07,01,19
2025,603,3,710,39912,North Light,8/1/2025 8:49,14,1125,13,78,20,21,1,45,710,345731,57.7889,-134.83535,57.76703,-134.83671,534.0096,48,1.3,7,,02,02,01,01,23
2025,603,3,710,39912,North Light,8/1/2025 8:49,14,1125,13,78,20,21,1,45,710,345731,57.7889,-134.83535,57.76703,-134.83671,534.0096,59,2.1,9,,02,01,07,01,25
2025,603,3,710,39912,North Light,8/1/2025 8:49,14,1125,13,78,20,21,1,45,710,345731,57.7889,-134.83535,57.76703,-134.83671,534.0096,63,3.3,9,,01,02,07,01,27
2025,603,3,710,39912,North Light,8/1/2025 8:49,14,1125,13,78,20,21,1,45,710,345731,57.7889,-134.83535,57.76703,-134.83671,534.0096,65,2.9,9,,01,02,07,01,29
2025,603,3,710,39912,North Light,8/1/2025 8:49,14,1125,13,78,20,21,1,45,710,345731,57.7889,-134.83535,57.76703,-134.83671,534.0096,60,2.6,7,,02,01,07,01,31
2025,603,3,710,39912,North Light,8/1/2025 8:49,14,1125,13,78,20,21,1,45,710,345731,57.7889,-134.83535,57.76703,-134.83671,534.0096,57,2.1,7,,01,02,01,01,32
2025,603,3,710,39912,North Light,8/1/2025 8:49,14,1125,13,78,20,21,1,45,710,345731,57.7889,-134.83535,57.76703,-134.83671,534.0096,59,2.3,7,,03,01,07,01,35
2025,603,3,710,39912,North Light,8/1/2025 8:49,14,1125,13,78,20,21,1,45,710,345731,57.7889,-134.83535,57.76703,-134.83671,534.0096,64,3.1,9,,02,02,07,01,36
2025,603,3,710,39912,North Light,8/1/2025 8:49,14,1125,13,78,20,21,1,45,710,345731,57.7889,-134.83535,57.76703,-134.83671,534.0096,66,3.5,10,,02,02,07,01,37
2025,603,3,710,39912,North Light,8/1/2025 8:49,14,1125,13,78,20,21,1,45,710,345731,57.7889,-134.83535,57.76703,-134.83671,534.0096,62,2.6,15,,02,01,07,01,39
2025,603,3,710,39912,North Light,8/1/2025 8:49,14,1125,13,78,20,21,1,45,710,345731,57.7889,-134.83535,57.76703,-134.83671,534.0096,52,1.3,7,,02,02,01,01,40
2025,603,3,710,39912,North Light,8/1/2025 8:49,14,1125,13,78,20,21,1,45,710,345731,57.7889,-134.83535,57.76703,-134.83671,534.0096,64,2.6,9,,03,02,07,01,41
2025,603,3,710,39912,North Light,8/1/2025 12:47,14,1125,13,78,20,21,2,44,710,345731,57.7713,-134.8126,57.7484,-134.8128,512.064,64,3.14,5,,03,02,07,01,1
2025,603,3,710,39912,North Light,8/1/2025 12:47,14,1125,13,78,20,21,2,44,710,345731,57.7713,-134.8126,57.7484,-134.8128,512.064,60,2.11,6,,02,01,01,01,2
2025,603,3,710,39912,North Light,8/1/2025 12:47,14,1125,13,78,20,21,2,44,710,345731,57.7713,-134.8126,57.7484,-134.8128,512.064,69,3.45,10,,02,02,09,01,3
2025,603,3,710,39912,North Light,8/1/2025 12:47,14,1125,13,78,20,21,2,44,710,345731,57.7713,-134.8126,57.7484,-134.8128,512.064,63,2.84,7,,02,02,09,01,4
2025,603,3,710,39912,North Light,8/1/2025 12:47,14,1125,13,78,20,21,2,44,710,345731,57.7713,-134.8126,57.7484,-134.8128,512.064,62,2.74,7,,02,02,07,01,5
2025,603,3,710,39912,North Light,8/1/2025 12:47,14,1125,13,78,20,21,2,44,710,345731,57.7713,-134.8126,57.7484,-134.8128,512.064,66,2.86,8,,02,02,07,01,8
2025,603,3,710,39912,North Light,8/1/2025 12:47,14,1125,13,78,20,21,2,44,710,345731,57.7713,-134.8126,57.7484,-134.8128,512.064,61,2.58,9,,03,02,07,01,9
2025,603,3,710,39912,North Light,8/1/2025 12:47,14,1125,13,78,20,21,2,44,710,345731,57.7713,-134.8126,57.7484,-134.8128,512.064,58,2.23,10,,02,01,01,01,10
2025,603,3,710,39912,North Light,8/1/2025 12:47,14,1125,13,78,20,21,2,44,710,345731,57.7713,-134.8126,57.7484,-134.8128,512.064,63,2.73,6,,02,02,07,01,11
2025,603,3,710,39912,North Light,8/1/2025 12:47,14,1125,13,78,20,21,2,44,710,345731,57.7713,-134.8126,57.7484,-134.8128,512.064,63,2.66,7,,01,01,07,01,12
2025,603,3,710,39912,North Light,8/1/2025 12:47,14,1125,13,78,20,21,2,44,710,345731,57.7713,-134.8126,57.7484,-134.8128,512.064,71,3.5,9,,02,02,07,04,13
2025,603,3,710,39912,North Light,8/1/2025 12:47,14,1125,13,78,20,21,2,44,710,345731,57.7713,-134.8126,57.7484,-134.8128,512.064,58,1.9,8,,02,02,01,01,14
2025,603,3,710,39912,North Light,8/1/2025 12:47,14,1125,13,78,20,21,2,44,710,345731,57.7713,-134.8126,57.7484,-134.8128,512.064,60,2.24,8,,02,02,07,01,15
2025,603,3,710,39912,North Light,8/1/2025 12:47,14,1125,13,78,20,21,2,44,710,345731,57.7713,-134.8126,57.7484,-134.8128,512.064,59,2.24,8,,02,01,01,01,16
2025,603,3,710,39912,North Light,8/1/2025 12:47,14,1125,13,78,20,21,2,44,710,345731,57.7713,-134.8126,57.7484,-134.8128,512.064,54,1.64,4,,01,01,07,04,17
2025,603,3,710,39912,North Light,8/1/2025 12:47,14,1125,13,78,20,21,2,44,710,345731,57.7713,-134.8126,57.7484,-134.8128,512.064,61,2.33,7,,01,02,01,01,18
2025,603,3,710,39912,North Light,8/1/2025 12:47,14,1125,13,78,20,21,2,44,710,345731,57.7713,-134.8126,57.7484,-134.8128,512.064,72,4.42,14,,03,02,07,01,19
2025,603,3,710,39912,North Light,8/1/2025 12:47,14,1125,13,78,20,21,2,44,710,345731,57.7713,-134.8126,57.7484,-134.8128,512.064,61,2.56,10,,02,01,07,01,20
2025,603,3,710,39912,North Light,8/1/2025 12:47,14,1125,13,78,20,21,2,44,710,345731,57.7713,-134.8126,57.7484,-134.8128,512.064,59,2.24,9,,01,02,01,01,21
2025,603,3,710,39912,North Light,8/1/2025 12:47,14,1125,13,78,20,21,2,44,710,345731,57.7713,-134.8126,57.7484,-134.8128,512.064,63,2.77,8,,02,02,07,01,22
2025,603,3,710,39912,North Light,8/1/2025 12:47,14,1125,13,78,20,21,2,44,710,345731,57.7713,-134.8126,57.7484,-134.8128,512.064,61,2.34,9,,02,02,07,01,23
2025,603,3,710,39912,North Light,8/1/2025 12:47,14,1125,13,78,20,21,2,44,710,345731,57.7713,-134.8126,57.7484,-134.8128,512.064,57,1.99,6,,02,01,01,01,24
2025,603,3,710,39912,North Light,8/1/2025 12:47,14,1125,13,78,20,21,2,44,710,345731,57.7713,-134.8126,57.7484,-134.8128,512.064,63,3.03,6,,02,02,07,04,25
2025,603,3,710,39912,North Light,8/1/2025 12:47,14,1125,13,78,20,21,2,44,710,345731,57.7713,-134.8126,57.7484,-134.8128,512.064,61,2.6,7,,01,02,07,04,26
2025,603,3,710,39912,North Light,8/1/2025 12:47,14,1125,13,78,20,21,2,44,710,345731,57.7713,-134.8126,57.7484,-134.8128,512.064,61,2.62,5,,02,01,07,01,27
2025,603,3,710,39912,North Light,8/1/2025 12:47,14,1125,13,78,20,21,2,44,710,345731,57.7713,-134.8126,57.7484,-134.8128,512.064,56,2.17,6,,02,01,07,01,28
2025,603,3,710,39912,North Light,8/1/2025 12:47,14,1125,13,78,20,21,2,44,710,345731,57.7713,-134.8126,57.7484,-134.8128,512.064,62,2.71,9,,02,01,07,01,29
2025,603,3,710,39912,North Light,8/1/2025 16:32,14,1125,13,78,20,21,3,47,710,345731,57.8466,-134.766,57.8753,-134.7715,479.1456,61,2.4,9,,01,01,07,01,1
2025,603,3,710,39912,North Light,8/1/2025 16:32,14,1125,13,78,20,21,3,47,710,345731,57.8466,-134.766,57.8753,-134.7715,479.1456,62,2.7,7,,02,01,07,01,2
2025,603,3,710,39912,North Light,8/1/2025 16:32,14,1125,13,78,20,21,3,47,710,345731,57.8466,-134.766,57.8753,-134.7715,479.1456,61,2.6,6,,01,02,07,01,5
2025,603,3,710,39912,North Light,8/1/2025 16:32,14,1125,13,78,20,21,3,47,710,345731,57.8466,-134.766,57.8753,-134.7715,479.1456,65,3.2,9,,01,02,07,01,7
2025,603,3,710,39912,North Light,8/1/2025 16:32,14,1125,13,78,20,21,3,47,710,345731,57.8466,-134.766,57.8753,-134.7715,479.1456,74,4.9,9,,02,02,07,01,8
2025,603,3,710,39912,North Light,8/1/2025 16:32,14,1125,13,78,20,21,3,47,710,345731,57.8466,-134.766,57.8753,-134.7715,479.1456,58,2.3,8,,01,02,01,01,9
2025,603,3,710,39912,North Light,8/1/2025 16:32,14,1125,13,78,20,21,3,47,710,345731,57.8466,-134.766,57.8753,-134.7715,479.1456,62,2.7,7,,02,02,07,01,10
2025,603,3,710,39912,North Light,8/1/2025 16:32,14,1125,13,78,20,21,3,47,710,345731,57.8466,-134.766,57.8753,-134.7715,479.1456,60,2.1,7,,01,01,07,01,11
2025,603,3,710,39912,North Light,8/1/2025 16:32,14,1125,13,78,20,21,3,47,710,345731,57.8466,-134.766,57.8753,-134.7715,479.1456,68,3.4,9,,02,02,07,01,12
2025,603,3,710,39912,North Light,8/1/2025 16:32,14,1125,13,78,20,21,3,47,710,345731,57.8466,-134.766,57.8753,-134.7715,479.1456,65,3,6,,02,02,07,01,13
2025,603,3,710,39912,North Light,8/1/2025 16:32,14,1125,13,78,20,21,3,47,710,345731,57.8466,-134.766,57.8753,-134.7715,479.1456,64,2.9,10,,02,02,07,01,14
2025,603,3,710,39912,North Light,8/1/2025 16:32,14,1125,13,78,20,21,3,47,710,345731,57.8466,-134.766,57.8753,-134.7715,479.1456,59,2.3,6,,02,01,07,01,18
2025,603,3,710,39912,North Light,8/1/2025 16:32,14,1125,13,78,20,21,3,47,710,345731,57.8466,-134.766,57.8753,-134.7715,479.1456,63,3,10,,02,02,07,01,23
2025,603,3,710,39912,North Light,8/1/2025 16:32,14,1125,13,78,20,21,3,47,710,345731,57.8466,-134.766,57.8753,-134.7715,479.1456,56,2.1,7,,02,01,07,01,24
2025,603,3,710,39912,North Light,8/1/2025 16:32,14,1125,13,78,20,21,3,47,710,345731,57.8466,-134.766,57.8753,-134.7715,479.1456,60,2.2,7,,02,02,07,01,28
2025,603,3,710,39912,North Light,8/1/2025 20:17,14,1125,13,78,20,21,4,43,710,345731,57.7409,-134.763,57.7674,-134.7679,521.208,64,2.75,16,,02,02,07,01,1
2025,603,3,710,39912,North Light,8/1/2025 20:17,14,1125,13,78,20,21,4,43,710,345731,57.7409,-134.763,57.7674,-134.7679,521.208,53,1.75,6,,02,01,07,02,3
2025,603,3,710,39912,North Light,8/1/2025 20:17,14,1125,13,78,20,21,4,43,710,345731,57.7409,-134.763,57.7674,-134.7679,521.208,56,1.82,6,,03,01,01,01,5
2025,603,3,710,39912,North Light,8/1/2025 20:17,14,1125,13,78,20,21,4,43,710,345731,57.7409,-134.763,57.7674,-134.7679,521.208,64,2.79,7,,02,02,07,01,9
2025,603,3,710,39912,North Light,8/1/2025 20:17,14,1125,13,78,20,21,4,43,710,345731,57.7409,-134.763,57.7674,-134.7679,521.208,66,3.02,6,,03,02,07,01,11
2025,603,3,710,39912,North Light,8/1/2025 20:17,14,1125,13,78,20,21,4,43,710,345731,57.7409,-134.763,57.7674,-134.7679,521.208,54,1.78,6,,01,01,07,01,12
2025,603,3,710,39912,North Light,8/1/2025 20:17,14,1125,13,78,20,21,4,43,710,345731,57.7409,-134.763,57.7674,-134.7679,521.208,73,4.51,12,,03,02,07,01,17
2025,603,3,710,39912,North Light,8/1/2025 20:17,14,1125,13,78,20,21,4,43,710,345731,57.7409,-134.763,57.7674,-134.7679,521.208,57,1.85,7,,03,02,01,01,19
2025,603,3,710,39912,North Light,8/1/2025 20:17,14,1125,13,78,20,21,4,43,710,345731,57.7409,-134.763,57.7674,-134.7679,521.208,64,2.65,8,,02,02,07,01,21
2025,603,3,710,39912,North Light,8/1/2025 20:17,14,1125,13,78,20,21,4,43,710,345731,57.7409,-134.763,57.7674,-134.7679,521.208,63,2.66,7,,02,02,07,01,22
2025,603,3,710,39912,North Light,8/1/2025 20:17,14,1125,13,78,20,21,4,43,710,345731,57.7409,-134.763,57.7674,-134.7679,521.208,62,2.54,5,,02,01,01,01,23
2025,603,3,710,39912,North Light,8/1/2025 20:17,14,1125,13,78,20,21,4,43,710,345731,57.7409,-134.763,57.7674,-134.7679,521.208,56,1.92,5,,01,01,07,01,24
2025,603,3,710,39912,North Light,8/1/2025 20:17,14,1125,13,78,20,21,4,43,710,345731,57.7409,-134.763,57.7674,-134.7679,521.208,56,2.06,7,,03,02,07,01,28
2025,603,3,710,39912,North Light,8/1/2025 20:17,14,1125,13,78,20,21,4,43,710,345731,57.7409,-134.763,57.7674,-134.7679,521.208,58,2.29,3,,02,02,07,01,29
2025,603,3,710,39912,North Light,8/1/2025 20:17,14,1125,13,78,20,21,4,43,710,345731,57.7409,-134.763,57.7674,-134.7679,521.208,58,1.98,6,,02,01,07,01,32
2025,603,3,710,39912,North Light,8/2/2025 11:36,14,1125,13,78,20,21,5,51,710,345731,57.91938,-134.79696,57.94545,-134.80316,508.4064,63,2.7,7,,02,02,01,01,1
2025,603,3,710,39912,North Light,8/2/2025 11:36,14,1125,13,78,20,21,5,51,710,345731,57.91938,-134.79696,57.94545,-134.80316,508.4064,58,2.4,7,,02,01,07,01,2
2025,603,3,710,39912,North Light,8/2/2025 11:36,14,1125,13,78,20,21,5,51,710,345731,57.91938,-134.79696,57.94545,-134.80316,508.4064,61,2.6,10,,03,02,07,01,3
2025,603,3,710,39912,North Light,8/2/2025 11:36,14,1125,13,78,20,21,5,51,710,345731,57.91938,-134.79696,57.94545,-134.80316,508.4064,69,3.9,14,,02,02,07,01,4
2025,603,3,710,39912,North Light,8/2/2025 11:36,14,1125,13,78,20,21,5,51,710,345731,57.91938,-134.79696,57.94545,-134.80316,508.4064,62,2.7,9,,02,01,07,01,5
2025,603,3,710,39912,North Light,8/2/2025 11:36,14,1125,13,78,20,21,5,51,710,345731,57.91938,-134.79696,57.94545,-134.80316,508.4064,71,3.5,12,,01,01,07,01,6
2025,603,3,710,39912,North Light,8/2/2025 11:36,14,1125,13,78,20,21,5,51,710,345731,57.91938,-134.79696,57.94545,-134.80316,508.4064,63,2.5,10,,02,02,07,01,9
2025,603,3,710,39912,North Light,8/2/2025 11:36,14,1125,13,78,20,21,5,51,710,345731,57.91938,-134.79696,57.94545,-134.80316,508.4064,63,,9,,03,02,07,01,13
2025,603,3,710,39912,North Light,8/2/2025 11:36,14,1125,13,78,20,21,5,51,710,345731,57.91938,-134.79696,57.94545,-134.80316,508.4064,60,2.7,12,,02,02,01,01,17
2025,603,3,710,39912,North Light,8/2/2025 11:36,14,1125,13,78,20,21,5,51,710,345731,57.91938,-134.79696,57.94545,-134.80316,508.4064,67,3.3,9,,03,02,07,07,19
2025,603,3,710,39912,North Light,8/2/2025 11:36,14,1125,13,78,20,21,5,51,710,345731,57.91938,-134.79696,57.94545,-134.80316,508.4064,70,3.6,12,,02,02,07,01,20
2025,603,3,710,39912,North Light,8/2/2025 11:36,14,1125,13,78,20,21,5,51,710,345731,57.91938,-134.79696,57.94545,-134.80316,508.4064,64,2.7,12,,03,02,07,01,21
2025,603,3,710,39912,North Light,8/2/2025 11:36,14,1125,13,78,20,21,5,51,710,345731,57.91938,-134.79696,57.94545,-134.80316,508.4064,60,2.3,6,,02,02,07,01,22
2025,603,3,710,39912,North Light,8/2/2025 11:36,14,1125,13,78,20,21,5,51,710,345731,57.91938,-134.79696,57.94545,-134.80316,508.4064,79,5.8,25,,02,02,07,01,23
2025,603,3,710,39912,North Light,8/2/2025 11:36,14,1125,13,78,20,21,5,51,710,345731,57.91938,-134.79696,57.94545,-134.80316,508.4064,55,1.7,5,,02,01,01,01,24
2025,603,3,710,39912,North Light,8/2/2025 11:36,14,1125,13,78,20,21,5,51,710,345731,57.91938,-134.79696,57.94545,-134.80316,508.4064,60,2.5,5,,02,02,07,03,25
2025,603,3,710,39912,North Light,8/2/2025 11:36,14,1125,13,78,20,21,5,51,710,345731,57.91938,-134.79696,57.94545,-134.80316,508.4064,65,2.7,6,,02,02,07,01,26
2025,603,3,710,39912,North Light,8/2/2025 11:36,14,1125,13,78,20,21,5,51,710,345731,57.91938,-134.79696,57.94545,-134.80316,508.4064,66,3.2,6,,03,02,07,01,27
2025,603,3,710,39912,North Light,8/2/2025 11:36,14,1125,13,78,20,21,5,51,710,345731,57.91938,-134.79696,57.94545,-134.80316,508.4064,68,3.6,6,,02,02,07,04,28
2025,603,3,710,39912,North Light,8/2/2025 15:07,14,1125,13,78,20,21,6,46,710,345731,57.806,-134.811,57.834,-134.815,473.6592,63,2.81,10,,02,02,07,01,1
2025,603,3,710,39912,North Light,8/2/2025 15:07,14,1125,13,78,20,21,6,46,710,345731,57.806,-134.811,57.834,-134.815,473.6592,63,2.71,5,,02,02,07,01,3
2025,603,3,710,39912,North Light,8/2/2025 15:07,14,1125,13,78,20,21,6,46,710,345731,57.806,-134.811,57.834,-134.815,473.6592,61,2.39,5,,02,01,01,01,5
2025,603,3,710,39912,North Light,8/2/2025 15:07,14,1125,13,78,20,21,6,46,710,345731,57.806,-134.811,57.834,-134.815,473.6592,63,3.12,9,,03,02,07,01,7
2025,603,3,710,39912,North Light,8/2/2025 15:07,14,1125,13,78,20,21,6,46,710,345731,57.806,-134.811,57.834,-134.815,473.6592,63,2.8,8,,02,02,07,04,9
2025,603,3,710,39912,North Light,8/2/2025 15:07,14,1125,13,78,20,21,6,46,710,345731,57.806,-134.811,57.834,-134.815,473.6592,63,2.56,7,,02,02,07,01,10
2025,603,3,710,39912,North Light,8/2/2025 15:07,14,1125,13,78,20,21,6,46,710,345731,57.806,-134.811,57.834,-134.815,473.6592,63,2.75,10,,02,02,07,01,13
2025,603,3,710,39912,North Light,8/2/2025 15:07,14,1125,13,78,20,21,6,46,710,345731,57.806,-134.811,57.834,-134.815,473.6592,62,2.55,7,,01,02,07,01,15
2025,603,3,710,39912,North Light,8/2/2025 15:07,14,1125,13,78,20,21,6,46,710,345731,57.806,-134.811,57.834,-134.815,473.6592,60,2.63,7,,03,01,07,01,17
2025,603,3,710,39912,North Light,8/2/2025 15:07,14,1125,13,78,20,21,6,46,710,345731,57.806,-134.811,57.834,-134.815,473.6592,63,2.89,8,,02,02,07,01,19
2025,603,3,710,39912,North Light,8/2/2025 15:07,14,1125,13,78,20,21,6,46,710,345731,57.806,-134.811,57.834,-134.815,473.6592,67,3.35,10,,02,02,07,01,21
2025,603,3,710,39912,North Light,8/2/2025 15:07,14,1125,13,78,20,21,6,46,710,345731,57.806,-134.811,57.834,-134.815,473.6592,59,2.18,9,,02,01,07,04,23
2025,603,3,710,39912,North Light,8/2/2025 15:07,14,1125,13,78,20,21,6,46,710,345731,57.806,-134.811,57.834,-134.815,473.6592,61,2.53,7,,02,01,07,01,24
2025,603,3,710,39912,North Light,8/2/2025 15:07,14,1125,13,78,20,21,6,46,710,345731,57.806,-134.811,57.834,-134.815,473.6592,65,3.35,8,,02,02,07,01,27
2025,603,3,710,39912,North Light,8/2/2025 18:04,14,1125,13,78,20,21,7,42,710,345731,57.7108,-134.8816,57.7368,-134.8854,546.8112,65,2.7,6,,02,02,07,01,1
2025,603,3,710,39912,North Light,8/2/2025 18:04,14,1125,13,78,20,21,7,42,710,345731,57.7108,-134.8816,57.7368,-134.8854,546.8112,55,1.7,7,,02,02,01,01,2
2025,603,3,710,39912,North Light,8/2/2025 18:04,14,1125,13,78,20,21,7,42,710,345731,57.7108,-134.8816,57.7368,-134.8854,546.8112,53,1.6,7,,02,01,01,01,4
2025,603,3,710,39912,North Light,8/2/2025 18:04,14,1125,13,78,20,21,7,42,710,345731,57.7108,-134.8816,57.7368,-134.8854,546.8112,57,2.1,5,,02,01,07,01,6
2025,603,3,710,39912,North Light,8/2/2025 18:04,14,1125,13,78,20,21,7,42,710,345731,57.7108,-134.8816,57.7368,-134.8854,546.8112,54,1.7,6,,03,01,01,01,10
2025,603,3,710,39912,North Light,8/2/2025 18:04,14,1125,13,78,20,21,7,42,710,345731,57.7108,-134.8816,57.7368,-134.8854,546.8112,51,1.4,5,,02,01,01,01,13
2025,603,3,710,39912,North Light,8/2/2025 18:04,14,1125,13,78,20,21,7,42,710,345731,57.7108,-134.8816,57.7368,-134.8854,546.8112,57,2,8,,03,02,01,01,14
2025,603,3,710,39912,North Light,8/2/2025 18:04,14,1125,13,78,20,21,7,42,710,345731,57.7108,-134.8816,57.7368,-134.8854,546.8112,57,2.2,8,,02,01,01,01,15
2025,603,3,710,39912,North Light,8/2/2025 18:04,14,1125,13,78,20,21,7,42,710,345731,57.7108,-134.8816,57.7368,-134.8854,546.8112,55,1.7,5,,03,01,07,02,19
2025,603,3,710,39912,North Light,8/2/2025 18:04,14,1125,13,78,20,21,7,42,710,345731,57.7108,-134.8816,57.7368,-134.8854,546.8112,63,2.6,6,,02,02,07,01,20
2025,603,3,710,39912,North Light,8/2/2025 18:04,14,1125,13,78,20,21,7,42,710,345731,57.7108,-134.8816,57.7368,-134.8854,546.8112,55,1.7,7,,02,01,01,02,22
2025,603,3,710,39912,North Light,8/2/2025 18:04,14,1125,13,78,20,21,7,42,710,345731,57.7108,-134.8816,57.7368,-134.8854,546.8112,56,1.7,7,,03,01,01,01,25
2025,603,3,710,39912,North Light,8/2/2025 18:04,14,1125,13,78,20,21,7,42,710,345731,57.7108,-134.8816,57.7368,-134.8854,546.8112,58,2.2,9,,03,01,07,01,27
2025,603,3,710,39912,North Light,8/2/2025 18:04,14,1125,13,78,20,21,7,42,710,345731,57.7108,-134.8816,57.7368,-134.8854,546.8112,54,1.7,6,,02,02,01,01,29
2025,603,3,710,39912,North Light,8/3/2025 13:30,14,1125,13,78,20,21,8,41,710,345731,57.691,-134.84,57.694,-134.889,539.496,57,2,6,,02,01,01,01,1
2025,603,3,710,39912,North Light,8/3/2025 13:30,14,1125,13,78,20,21,8,41,710,345731,57.691,-134.84,57.694,-134.889,539.496,56,2.11,7,,02,01,07,01,3
2025,603,3,710,39912,North Light,8/3/2025 13:30,14,1125,13,78,20,21,8,41,710,345731,57.691,-134.84,57.694,-134.889,539.496,60,2.26,6,,03,01,07,01,5
2025,603,3,710,39912,North Light,8/3/2025 13:30,14,1125,13,78,20,21,8,41,710,345731,57.691,-134.84,57.694,-134.889,539.496,53,1.52,9,,03,02,01,01,7
2025,603,3,710,39912,North Light,8/3/2025 13:30,14,1125,13,78,20,21,8,41,710,345731,57.691,-134.84,57.694,-134.889,539.496,55,1.76,8,,03,02,01,01,9
2025,603,3,710,39912,North Light,8/3/2025 13:30,14,1125,13,78,20,21,8,41,710,345731,57.691,-134.84,57.694,-134.889,539.496,64,3,10,,02,02,07,04,11
2025,603,3,710,39912,North Light,8/3/2025 13:30,14,1125,13,78,20,21,8,41,710,345731,57.691,-134.84,57.694,-134.889,539.496,56,1.79,4,,03,02,01,01,12
2025,603,3,710,39912,North Light,8/3/2025 13:30,14,1125,13,78,20,21,8,41,710,345731,57.691,-134.84,57.694,-134.889,539.496,58,2,7,,03,02,01,01,15
2025,603,3,710,39912,North Light,8/3/2025 13:30,14,1125,13,78,20,21,8,41,710,345731,57.691,-134.84,57.694,-134.889,539.496,58,2.11,7,,02,02,01,01,17
2025,603,3,710,39912,North Light,8/3/2025 13:30,14,1125,13,78,20,21,8,41,710,345731,57.691,-134.84,57.694,-134.889,539.496,62,2.25,8,,02,01,01,01,19
2025,603,3,710,39912,North Light,8/3/2025 13:30,14,1125,13,78,20,21,8,41,710,345731,57.691,-134.84,57.694,-134.889,539.496,59,2.13,8,,02,02,01,01,21
2025,603,3,710,39912,North Light,8/3/2025 13:30,14,1125,13,78,20,21,8,41,710,345731,57.691,-134.84,57.694,-134.889,539.496,60,2.47,7,,02,01,01,01,23
2025,603,3,710,39912,North Light,8/3/2025 13:30,14,1125,13,78,20,21,8,41,710,345731,57.691,-134.84,57.694,-134.889,539.496,60,2.24,7,,02,02,01,01,24
2025,603,3,710,39912,North Light,8/3/2025 13:30,14,1125,13,78,20,21,8,41,710,345731,57.691,-134.84,57.694,-134.889,539.496,60,2.21,14,,03,01,07,01,25
2025,603,3,710,39912,North Light,8/3/2025 13:30,14,1125,13,78,20,21,8,41,710,345731,57.691,-134.84,57.694,-134.889,539.496,63,2.74,7,,01,02,07,04,28
2025,603,3,710,39912,North Light,8/3/2025 20:18,14,1125,13,78,20,21,9,39,710,345731,57.5792,-134.704,57.6034,-134.7314,424.2816,69,3.6,11,,01,02,07,01,1
2025,603,3,710,39912,North Light,8/3/2025 20:18,14,1125,13,78,20,21,9,39,710,345731,57.5792,-134.704,57.6034,-134.7314,424.2816,58,2.1,9,,02,01,07,01,3
2025,603,3,710,39912,North Light,8/3/2025 20:18,14,1125,13,78,20,21,9,39,710,345731,57.5792,-134.704,57.6034,-134.7314,424.2816,59,2.1,8,,02,01,01,01,5
2025,603,3,710,39912,North Light,8/3/2025 20:18,14,1125,13,78,20,21,9,39,710,345731,57.5792,-134.704,57.6034,-134.7314,424.2816,60,2.3,7,,01,01,07,01,7
2025,603,3,710,39912,North Light,8/3/2025 20:18,14,1125,13,78,20,21,9,39,710,345731,57.5792,-134.704,57.6034,-134.7314,424.2816,59,2.2,5,,02,01,07,04,9
2025,603,3,710,39912,North Light,8/3/2025 20:18,14,1125,13,78,20,21,9,39,710,345731,57.5792,-134.704,57.6034,-134.7314,424.2816,64,2.9,9,,02,02,07,01,11
2025,603,3,710,39912,North Light,8/3/2025 20:18,14,1125,13,78,20,21,9,39,710,345731,57.5792,-134.704,57.6034,-134.7314,424.2816,69,3.5,5,,02,02,07,01,13
2025,603,3,710,39912,North Light,8/3/2025 20:18,14,1125,13,78,20,21,9,39,710,345731,57.5792,-134.704,57.6034,-134.7314,424.2816,68,3.7,14,,02,02,07,01,15
2025,603,3,710,39912,North Light,8/3/2025 20:18,14,1125,13,78,20,21,9,39,710,345731,57.5792,-134.704,57.6034,-134.7314,424.2816,62,2.9,7,,02,01,07,01,17
2025,603,3,710,39912,North Light,8/3/2025 20:18,14,1125,13,78,20,21,9,39,710,345731,57.5792,-134.704,57.6034,-134.7314,424.2816,60,2.6,7,,02,01,01,01,18
2025,603,3,710,39912,North Light,8/3/2025 20:18,14,1125,13,78,20,21,9,39,710,345731,57.5792,-134.704,57.6034,-134.7314,424.2816,70,4.7,11,,02,02,07,04,20
2025,603,3,710,39912,North Light,8/3/2025 20:18,14,1125,13,78,20,21,9,39,710,345731,57.5792,-134.704,57.6034,-134.7314,424.2816,58,2,5,,03,01,01,03,21
2025,603,3,710,39912,North Light,8/3/2025 20:18,14,1125,13,78,20,21,9,39,710,345731,57.5792,-134.704,57.6034,-134.7314,424.2816,61,2.3,8,,01,02,07,01,22
2025,603,3,710,39912,North Light,8/4/2025 10:10,14,1125,13,78,20,21,10,35,710,345701,57.517,-134.701,57.545,-134.701,588.8736,63,2.74,9,,02,01,07,01,1
2025,603,3,710,39912,North Light,8/4/2025 10:10,14,1125,13,78,20,21,10,35,710,345701,57.517,-134.701,57.545,-134.701,588.8736,56,1.8,6,,02,01,07,01,3
2025,603,3,710,39912,North Light,8/4/2025 10:10,14,1125,13,78,20,21,10,35,710,345701,57.517,-134.701,57.545,-134.701,588.8736,62,2.68,6,,02,01,07,01,5
2025,603,3,710,39912,North Light,8/4/2025 10:10,14,1125,13,78,20,21,10,35,710,345701,57.517,-134.701,57.545,-134.701,588.8736,55,1.88,6,,02,01,01,02,7
2025,603,3,710,39912,North Light,8/4/2025 10:10,14,1125,13,78,20,21,10,35,710,345701,57.517,-134.701,57.545,-134.701,588.8736,68,3.17,8,,02,01,07,01,9
2025,603,3,710,39912,North Light,8/4/2025 10:10,14,1125,13,78,20,21,10,35,710,345701,57.517,-134.701,57.545,-134.701,588.8736,56,1.98,8,,02,01,07,01,11
2025,603,3,710,39912,North Light,8/4/2025 10:10,14,1125,13,78,20,21,10,35,710,345701,57.517,-134.701,57.545,-134.701,588.8736,68,3.6,8,,03,02,07,01,13
2025,603,3,710,39912,North Light,8/4/2025 10:10,14,1125,13,78,20,21,10,35,710,345701,57.517,-134.701,57.545,-134.701,588.8736,59,2.29,11,,02,01,07,01,15
2025,603,3,710,39912,North Light,8/4/2025 10:10,14,1125,13,78,20,21,10,35,710,345701,57.517,-134.701,57.545,-134.701,588.8736,62,2.75,10,,03,02,07,01,17
2025,603,3,710,39912,North Light,8/4/2025 10:10,14,1125,13,78,20,21,10,35,710,345701,57.517,-134.701,57.545,-134.701,588.8736,65,2.65,7,,02,01,07,01,19
2025,603,3,710,39912,North Light,8/4/2025 10:10,14,1125,13,78,20,21,10,35,710,345701,57.517,-134.701,57.545,-134.701,588.8736,63,2.63,6,,02,02,01,01,21
2025,603,3,710,39912,North Light,8/4/2025 10:10,14,1125,13,78,20,21,10,35,710,345701,57.517,-134.701,57.545,-134.701,588.8736,61,2.64,5,,01,02,07,01,23
2025,603,3,710,39912,North Light,8/4/2025 10:10,14,1125,13,78,20,21,10,35,710,345701,57.517,-134.701,57.545,-134.701,588.8736,62,2.47,5,,02,01,07,01,25
2025,603,3,710,39912,North Light,8/4/2025 10:10,14,1125,13,78,20,21,10,35,710,345701,57.517,-134.701,57.545,-134.701,588.8736,59,2.1,8,,02,02,01,01,27
2025,603,3,710,39912,North Light,8/4/2025 12:20,14,1125,13,78,20,21,11,37,710,345731,57.5381,-134.7533,57.5661,-134.7532,601.6752,55,1.8,8,,02,01,01,01,1
2025,603,3,710,39912,North Light,8/4/2025 12:20,14,1125,13,78,20,21,11,37,710,345731,57.5381,-134.7533,57.5661,-134.7532,601.6752,59,2.3,6,,02,01,01,01,3
2025,603,3,710,39912,North Light,8/4/2025 12:20,14,1125,13,78,20,21,11,37,710,345731,57.5381,-134.7533,57.5661,-134.7532,601.6752,62,2.4,9,,02,01,07,01,5
2025,603,3,710,39912,North Light,8/4/2025 12:20,14,1125,13,78,20,21,11,37,710,345731,57.5381,-134.7533,57.5661,-134.7532,601.6752,62,2.6,7,,01,02,07,01,6
2025,603,3,710,39912,North Light,8/4/2025 12:20,14,1125,13,78,20,21,11,37,710,345731,57.5381,-134.7533,57.5661,-134.7532,601.6752,61,2.4,12,,02,01,07,01,7
2025,603,3,710,39912,North Light,8/4/2025 12:20,14,1125,13,78,20,21,11,37,710,345731,57.5381,-134.7533,57.5661,-134.7532,601.6752,53,1.8,5,,03,01,01,01,9
2025,603,3,710,39912,North Light,8/4/2025 12:20,14,1125,13,78,20,21,11,37,710,345731,57.5381,-134.7533,57.5661,-134.7532,601.6752,60,2.3,7,,01,01,01,01,11
2025,603,3,710,39912,North Light,8/4/2025 12:20,14,1125,13,78,20,21,11,37,710,345731,57.5381,-134.7533,57.5661,-134.7532,601.6752,57,2,16,,02,01,01,01,13
2025,603,3,710,39912,North Light,8/4/2025 12:20,14,1125,13,78,20,21,11,37,710,345731,57.5381,-134.7533,57.5661,-134.7532,601.6752,58,1.9,12,,02,01,07,01,15
2025,603,3,710,39912,North Light,8/4/2025 12:20,14,1125,13,78,20,21,11,37,710,345731,57.5381,-134.7533,57.5661,-134.7532,601.6752,57,2,11,,02,01,01,01,16
2025,603,3,710,39912,North Light,8/4/2025 12:20,14,1125,13,78,20,21,11,37,710,345731,57.5381,-134.7533,57.5661,-134.7532,601.6752,57,2.3,9,,01,01,01,01,17
2025,603,3,710,39912,North Light,8/4/2025 12:20,14,1125,13,78,20,21,11,37,710,345731,57.5381,-134.7533,57.5661,-134.7532,601.6752,66,3.1,10,,03,02,07,01,19
2025,603,3,710,39912,North Light,8/4/2025 12:20,14,1125,13,78,20,21,11,37,710,345731,57.5381,-134.7533,57.5661,-134.7532,601.6752,68,3,10,,02,02,07,01,21
2025,603,3,710,39912,North Light,8/4/2025 12:20,14,1125,13,78,20,21,11,37,710,345731,57.5381,-134.7533,57.5661,-134.7532,601.6752,49,1.3,6,,02,01,01,01,23
2025,603,3,710,39912,North Light,8/4/2025 12:20,14,1125,13,78,20,21,11,37,710,345731,57.5381,-134.7533,57.5661,-134.7532,601.6752,63,2.9,10,,03,01,07,01,25
2025,603,3,710,39912,North Light,8/4/2025 12:20,14,1125,13,78,20,21,11,37,710,345731,57.5381,-134.7533,57.5661,-134.7532,601.6752,58,2.2,9,,02,01,01,01,27
2025,603,3,710,39912,North Light,8/4/2025 16:00,14,1125,13,78,20,21,12,32,710,345731,57.376,-134.767,57.404,-134.767,652.8816,58,2.13,7,,02,01,07,01,1
2025,603,3,710,39912,North Light,8/4/2025 16:00,14,1125,13,78,20,21,12,32,710,345731,57.376,-134.767,57.404,-134.767,652.8816,66,2.94,7,,01,02,07,01,3
2025,603,3,710,39912,North Light,8/4/2025 16:00,14,1125,13,78,20,21,12,32,710,345731,57.376,-134.767,57.404,-134.767,652.8816,45,0.9,3,,02,01,01,01,5
2025,603,3,710,39912,North Light,8/4/2025 16:00,14,1125,13,78,20,21,12,32,710,345731,57.376,-134.767,57.404,-134.767,652.8816,59,1.99,6,,01,01,01,01,6
2025,603,3,710,39912,North Light,8/4/2025 16:00,14,1125,13,78,20,21,12,32,710,345731,57.376,-134.767,57.404,-134.767,652.8816,62,2.48,11,,02,02,07,01,8
2025,603,3,710,39912,North Light,8/4/2025 16:00,14,1125,13,78,20,21,12,32,710,345731,57.376,-134.767,57.404,-134.767,652.8816,58,1.94,6,,03,01,07,01,11
2025,603,3,710,39912,North Light,8/4/2025 16:00,14,1125,13,78,20,21,12,32,710,345731,57.376,-134.767,57.404,-134.767,652.8816,62,2.68,8,,02,02,07,01,13
2025,603,3,710,39912,North Light,8/4/2025 16:00,14,1125,13,78,20,21,12,32,710,345731,57.376,-134.767,57.404,-134.767,652.8816,76,4.55,11,,01,02,07,01,16
2025,603,3,710,39912,North Light,8/4/2025 16:00,14,1125,13,78,20,21,12,32,710,345731,57.376,-134.767,57.404,-134.767,652.8816,60,2.1,9,,02,01,07,01,18
2025,603,3,710,39912,North Light,8/4/2025 16:00,14,1125,13,78,20,21,12,32,710,345731,57.376,-134.767,57.404,-134.767,652.8816,69,3.46,13,,02,02,07,01,21
2025,603,3,710,39912,North Light,8/4/2025 16:00,14,1125,13,78,20,21,12,32,710,345731,57.376,-134.767,57.404,-134.767,652.8816,61,2.69,9,,02,02,07,01,23
2025,603,3,710,39912,North Light,8/4/2025 16:00,14,1125,13,78,20,21,12,32,710,345731,57.376,-134.767,57.404,-134.767,652.8816,71,3.94,13,,01,02,07,01,25
2025,603,3,710,39912,North Light,8/4/2025 16:00,14,1125,13,78,20,21,12,32,710,345731,57.376,-134.767,57.404,-134.767,652.8816,63,3.01,7,,03,02,07,01,27
2025,603,3,710,39912,North Light,8/4/2025 16:00,14,1125,13,78,20,21,12,32,710,345731,57.376,-134.767,57.404,-134.767,652.8816,60,2.23,12,,02,01,07,01,29
2025,603,3,710,39912,North Light,8/5/2025 9:37,14,1125,13,78,20,21,13,30,710,345701,57.3299,-134.6561,57.3549,-134.6544,537.6672,65,2.9,11,,01,02,07,01,1
2025,603,3,710,39912,North Light,8/5/2025 9:37,14,1125,13,78,20,21,13,30,710,345701,57.3299,-134.6561,57.3549,-134.6544,537.6672,61,2.4,9,,02,01,07,01,3
2025,603,3,710,39912,North Light,8/5/2025 9:37,14,1125,13,78,20,21,13,30,710,345701,57.3299,-134.6561,57.3549,-134.6544,537.6672,61,2.5,7,,02,02,07,01,5
2025,603,3,710,39912,North Light,8/5/2025 9:37,14,1125,13,78,20,21,13,30,710,345701,57.3299,-134.6561,57.3549,-134.6544,537.6672,58,2.1,7,,02,01,01,01,7
2025,603,3,710,39912,North Light,8/5/2025 9:37,14,1125,13,78,20,21,13,30,710,345701,57.3299,-134.6561,57.3549,-134.6544,537.6672,60,2.3,9,,01,01,01,01,9
2025,603,3,710,39912,North Light,8/5/2025 9:37,14,1125,13,78,20,21,13,30,710,345701,57.3299,-134.6561,57.3549,-134.6544,537.6672,61,2.7,9,,02,01,01,01,11
2025,603,3,710,39912,North Light,8/5/2025 9:37,14,1125,13,78,20,21,13,30,710,345701,57.3299,-134.6561,57.3549,-134.6544,537.6672,61,2.3,10,,03,02,07,01,13
2025,603,3,710,39912,North Light,8/5/2025 9:37,14,1125,13,78,20,21,13,30,710,345701,57.3299,-134.6561,57.3549,-134.6544,537.6672,61,2.5,9,,02,01,07,01,15
2025,603,3,710,39912,North Light,8/5/2025 9:37,14,1125,13,78,20,21,13,30,710,345701,57.3299,-134.6561,57.3549,-134.6544,537.6672,69,3.6,9,,02,02,07,01,16
2025,603,3,710,39912,North Light,8/5/2025 9:37,14,1125,13,78,20,21,13,30,710,345701,57.3299,-134.6561,57.3549,-134.6544,537.6672,57,2.2,8,,02,02,01,01,17
2025,603,3,710,39912,North Light,8/5/2025 9:37,14,1125,13,78,20,21,13,30,710,345701,57.3299,-134.6561,57.3549,-134.6544,537.6672,68,3.1,9,,02,02,07,01,19
2025,603,3,710,39912,North Light,8/5/2025 9:37,14,1125,13,78,20,21,13,30,710,345701,57.3299,-134.6561,57.3549,-134.6544,537.6672,62,2.7,7,,02,02,07,01,21
2025,603,3,710,39912,North Light,8/5/2025 9:37,14,1125,13,78,20,21,13,30,710,345701,57.3299,-134.6561,57.3549,-134.6544,537.6672,69,3.6,9,,02,02,07,01,23
2025,603,3,710,39912,North Light,8/5/2025 9:37,14,1125,13,78,20,21,13,30,710,345701,57.3299,-134.6561,57.3549,-134.6544,537.6672,74,4.7,12,,03,02,07,01,25
2025,603,3,710,39912,North Light,8/5/2025 12:18,14,1125,13,78,20,21,14,33,710,345701,57.424,-134.694,57.451,-134.693,546.8112,64,2.68,8,,02,02,07,01,2
2025,603,3,710,39912,North Light,8/5/2025 12:18,14,1125,13,78,20,21,14,33,710,345701,57.424,-134.694,57.451,-134.693,546.8112,52,1.37,6,,02,02,01,01,5
2025,603,3,710,39912,North Light,8/5/2025 12:18,14,1125,13,78,20,21,14,33,710,345701,57.424,-134.694,57.451,-134.693,546.8112,58,1.83,7,,02,01,01,01,7
2025,603,3,710,39912,North Light,8/5/2025 12:18,14,1125,13,78,20,21,14,33,710,345701,57.424,-134.694,57.451,-134.693,546.8112,56,1.77,9,,02,01,01,01,9
2025,603,3,710,39912,North Light,8/5/2025 12:18,14,1125,13,78,20,21,14,33,710,345701,57.424,-134.694,57.451,-134.693,546.8112,69,3.21,7,,03,02,07,01,11
2025,603,3,710,39912,North Light,8/5/2025 12:18,14,1125,13,78,20,21,14,33,710,345701,57.424,-134.694,57.451,-134.693,546.8112,63,2.34,9,,01,02,07,04,13
2025,603,3,710,39912,North Light,8/5/2025 12:18,14,1125,13,78,20,21,14,33,710,345701,57.424,-134.694,57.451,-134.693,546.8112,65,2.91,9,,03,02,07,01,14
2025,603,3,710,39912,North Light,8/5/2025 12:18,14,1125,13,78,20,21,14,33,710,345701,57.424,-134.694,57.451,-134.693,546.8112,66,3.55,8,,01,02,07,01,17
2025,603,3,710,39912,North Light,8/5/2025 12:18,14,1125,13,78,20,21,14,33,710,345701,57.424,-134.694,57.451,-134.693,546.8112,55,1.75,6,,02,01,01,01,19
2025,603,3,710,39912,North Light,8/5/2025 12:18,14,1125,13,78,20,21,14,33,710,345701,57.424,-134.694,57.451,-134.693,546.8112,63,2.96,11,,02,02,07,01,21
2025,603,3,710,39912,North Light,8/5/2025 12:18,14,1125,13,78,20,21,14,33,710,345701,57.424,-134.694,57.451,-134.693,546.8112,56,1.8,6,,02,02,01,01,23
